glass_forming_category,composition
BMG,Fe72Al5Ga2P10C6B4Si1
BMG,Fe61Co7Zr10Mo5W2B15
BMG,Ca63Al32Cu5
BMG,Fe67W5Y6B22
BMG,Mg67.5Pd17.5Yb15
BMG,Ag53.8Mg15.4Ca23.1Cu7.7
BMG,Pd4Zr48Cu32Al8Ag8
BMG,Zr41Ti14Cu12.5Ni8Be22.5Fe2
BMG,Gd60Co25Al15
BMG,Ni40Cu5Ti16.5Zr28.5Al10
BMG,Zr30Ti30Cu7.5Be27.5Al5
BMG,La62Al14Cu20Ag4
BMG,Zr61Cu16.8Ni12.8Al7.9Sn1.5
BMG,Ag46.2Mg23.2Ca23Cu7.7
BMG,Mg67.5Pd22.5Yb10
BMG,Fe68Mo5Ni5Cr2P12.5C5B2.5
BMG,Zr64.13Al10Ni10.12Cu15.75
BMG,Zr45.25Cu46.25Al7.5Sn1
BMG,Fe27Co40Zr3Ti3Mo1.5Si1.5B24
BMG,Fe58Cr5Mo14Er2C15B6
BMG,Cu45.5Mg27.3Ca27.2
BMG,Mg60.5Cu28.5Gd11
BMG,La62.5Al12.5Ag5Cu17.5Fe2.5
BMG,Zr41Ti14Cu12.5Ni8Be22.5C2
BMG,Ca70Mg15Zn15
BMG,Zr55Al20Co22.5Cu2.5
BMG,Zr55Al10Cu30Ni5
BMG,Ti41.5Zr2.5Hf5Cu37.5Ni7.5Si1Sn5
BMG,Ca50Mg20Zn5Cu25
BMG,Gd55Ni22Mn3Al20
BMG,Mg69Ni18La13
BMG,Cu52.5Hf40Al7.5
BMG,Mg65Cu25Dy10
BMG,Zr64.13Cu13.5Ni12.37Al10
BMG,Mg64Ni21Nd15
BMG,Mg75Ag15Yb10
BMG,La32Ce32Al16Ni5Cu5Co10
BMG,Fe48Cr15Mo14C15B6Y2
BMG,Zr57Nb5Al10Ni15.4Cu12.6
BMG,Ca65Mg5Cu30
BMG,Cu49Hf42Al9
BMG,La62Al14Cu18Ag6
BMG,Cu45.5Mg9.0Ca45.5
BMG,Fe36Co36B19.2Si4.8Nb4
BMG,Mg75Ag15Ca10
BMG,La32Ce32Al16Ni5Cu12Co3
BMG,Mg65Cu7.5Ni7.5Ag5Zn5Gd7.5Y2.5
BMG,Hf47Cu29.25Ni9.75Al14
BMG,Ni6Zr48Cu30Al8Ag8
BMG,Y56Al24Co20
BMG,Zr45Ti21Ni34
BMG,Pd56Fe24P20
BMG,Cu43Zr43Al7Ag7
BMG,Ca65Mg10Zn25
BMG,Zr41Ti14Cu12.5Ni5Be22.5Fe5
BMG,Ag38.4Mg30.8Ca30.8
BMG,Mg65Cu7.5Ni7.5Ag5Zn5Gd5Y5
BMG,Zr60.525Cu19.35Ni10.125Al10
BMG,Zr55Nb9Cu15Ni11Al10
BMG,Cu36.4Mg31.8Ca31.8
BMG,Zr46.25Ti8.25Cu7.5Ni10Be27.5
BMG,Ag46.2Mg30.7Ca23.1
BMG,Zr55Al20Co25
BMG,Zr61Cu18.3Ni12.8Al7.9
BMG,Zr55Ti5Al10Cu20Ni10
BMG,Gd36Al24Co20Y20
BMG,Cu47Ti33Zr5Nb6Ni8Si1
BMG,La62Cu24Al9.8Mg4.2
BMG,Zr48Cu43Al7Ag2
BMG,Zr70Al8Cu19Ni3
BMG,Ti40Zr25
BMG,Cu33.3Mg33.3Ca33.3
BMG,Zr55Al25Co20
BMG,Zr70Al8Cu16Ni6
BMG,Fe67Mo5Y6B22
BMG,Ag50Mg11.5Ca30.8Cu7.7
BMG,Cu47Zr11Ni8Ti34
BMG,Ti40Zr10Cu38Pd12
BMG,Fe65Co10Ga5P12C4B4
BMG,Y36Sc20Al24Co10Ni10
BMG,Mg70Pd22.5Ca7.5
BMG,Ti50Ni15Cu25Sn3Be7
BMG,Ni59Zr20Ti16Sn5
BMG,Pd40Ni10Cu30P10
BMG,Ca50Mg22.5Cu27.5
BMG,Ca70Mg10Zn20
BMG,Ca65Mg20Zn15
BMG,Pr60Al10Ni10Cu10Fe10
BMG,Zr65Al8.7Cu14.4Ni11.9
BMG,Zr63Al11.4Cu9.3Ni16.3
BMG,Fe75.0C7.0Si3.3B5.0P8.7Ga1.0
BMG,Mg62.5Cu26.5Gd11
BMG,Mg65Cu15Ag10Er10
BMG,Zr65Al10
BMG,Mg65Cu15Ag10Gd10
BMG,Mg58Cu27Y10Zn5
BMG,Pd79Cu4Ag2Si10P5
BMG,Cu60Zr33Ti7
BMG,Ce55Al25Co20
BMG,Ca55Mg15Cu30
BMG,Y4Fe72B22Hf2
BMG,Y55Al25Co20
BMG,Fe63Cr3Mo10P12C7B5
BMG,Cu46.4Ag11.6Zr35Ti7
BMG,Fe70Nb4Hf3Y3B20
BMG,Ni59Zr20Ti16Si5
BMG,Cu40.9Mg22.7Ca36.4
BMG,Fe77Mo2P10C4B4Si3
BMG,Fe71W1Y6B22
BMG,Fe79P10C4B4Si3
BMG,Al84Ni10Y6
BMG,Fe70Mo2Y6B22
BMG,Mg72.5Ag17.5Yb10
BMG,Y60Fe30Al10
BMG,Mg60Cu25Gd10Zn5
BMG,Zr70Al8Cu3Ni19
BMG,Ca65Mg25Cu10
BMG,Cu45Zr48Al7
BMG,Pr55Cu14.3
BMG,Zr75Al7.5Ni10Cu7.5Pd10
BMG,Pr60Al10Ni10Cu5Fe15
BMG,Mg67.5Pd20Yb12.5
BMG,Cu38Zr46Ag8Al8
BMG,Ag61.5Mg15.4Ca23.1
BMG,Ni60Zr20Ti7.5Nb7.5Al5
BMG,Mg57Cu34Nd9
BMG,Zr46Cu27.64Ag8.36Al8Be10
BMG,Zr41Ti14Cu12.5Ni2Be22.5C8
BMG,Ti2Zr46Cu36Al8Ag8
BMG,Ho30Al24Co20Y26
BMG,La62Cu24Al10.5Mg3.5
BMG,Zr53Al14Ni10Cu19Y4
BMG,Ce60Al15Ni15Cu10
BMG,Al84Ni10Gd6
BMG,La66Al14
BMG,Pr60Al10Ni10Cu14Fe6
BMG,La55Al20Ag5Cu20
BMG,Mg72.5Pd20Yb7.5
BMG,Ce69.5Al10Cu20Co0.5
BMG,Au76.9Si9.45Ge13.66
BMG,Ca58Mg18Cu24
BMG,Zr61Cu15.8Ni12.8Al7.9Sn2.5
BMG,Ti47.5Zr2.5Cu42.5Ni7.5
BMG,Zr48Nb8Ni12Cu14Be18
BMG,Tm40Y15Al25Co10Ni10
BMG,Ti40Zr10Cu34Pd16
BMG,Ca55Mg15Zn30
BMG,Zr52.7Nb5Cu17.9Ni14.6Al10
BMG,Ca48Mg27Cu25
BMG,Pr68Cu25Al7
BMG,La62Al14Cu22Ag2
BMG,Zr40Ti15Cu11Ni11Be21.5Mg0.5Y1
BMG,Mg64.5Cu24.5Gd11
BMG,La62Cu24Al10.8Mg3.2
BMG,Mg75Ag17.5Yb7.5
BMG,Cu47Ti33Zr7Nb4Ni8Si1
BMG,Pr60Cu20Ni10Al10
BMG,Er55Al25
BMG,Dy46Y10Al24Co20Fe2
BMG,Mg72.5Pd15Ca12.5
BMG,Zr48Cu36Ag8Al8
BMG,Mg72.5Pd22.5Ca5
BMG,Sm60Al10Cu5Co15Fe10
BMG,Zr54Cu46
BMG,Au2Zr48Cu34Al8Ag8
BMG,Fe70B5C5Si3Al5Ga2P10
BMG,Pr60Al10Ni10Cu18Fe2
BMG,Cu57Zr36Ag7
BMG,Zr52.5Ti5Cu17.9Ni14.6Al10
BMG,Zr53Ti5Cu20Ni12Al15
BMG,Zr62Al10
BMG,Ni61Zr22Nb7Al4Ta6
BMG,Mg75Ag20Ca5
BMG,Zr53Ni23.5Al23.5
BMG,Au52Pd2.3Cu29.2Si16.5
BMG,Ti50Cu42.5Ni7.5
BMG,Tm27.5Y27.5Al25Co20
BMG,Ni60Nb35Zr5
BMG,Ti53Cu15Ni18.5Al7Si3Sc3B0.5
BMG,Ce70Al15Cu15
BMG,Mg65Cu25Er10
BMG,Cu48Zr48Ag4
BMG,Zr50Cu40Ag10
BMG,Ca66.4Al33.6
BMG,Mg72.5Ag20Yb7.5
BMG,La62.5Al12.5Ag5Cu15Co5
BMG,Cu36.4Mg27.2Ca36.4
BMG,Zr48Cu40Al7Ag5
BMG,Ca60Mg15Cu25
BMG,Cu47Ni13Zr30Ti10
BMG,Ti40Zr25Ni8Cu9Be18
BMG,Ca55Mg25Zn20
BMG,Cu48Ti3Zr10Ni8
BMG,Zr57Nb5Cu15.4Ni12.6B1Al10
BMG,Pd40Ni20P20
BMG,Mg70Pd17.5Yb12.5
BMG,Ce69Al10Cu20Co1
BMG,Mg67.5Pd22.5Ca10
BMG,Cu45Zr45Al10
BMG,Pd43Ni10Cu27P20
BMG,Mg65Cu25Ho10
BMG,Fe66W6Y6B22
BMG,Ag53.8Mg7.7Ca30.5Cu7.7
BMG,La55Al17.5Ag7.5Cu20
BMG,Fe72.0C7.0Si3.3B5.0P8.7Ga4.0
BMG,Mg73.75Pd16.25Yb10
BMG,La62Al14Cu19Ag5
BMG,Ce65Al10Ni10Cu10Nb5
BMG,Ti50Ni24Cu20B1Si2Sn3
BMG,Cu47Ti33Zr3Nb8Ni8Si1
BMG,Cu50Ag10Zr30Ti10
BMG,Cu52.5Zr40Ga7.5
BMG,La32Ce32Al16Ni5Cu15
BMG,Al86Ni9La2.5Ce2.5
BMG,Ti40Zr10Cu32Pd18
BMG,Ni60Nb30Ta10
BMG,Mg65Cu20Ni5Gd10
BMG,Ni60Nb20Zr20
BMG,Zr65Cu12.5Be22.5
BMG,Zr55Al20Co20Cu5
BMG,Mg60Ni23.6Y0.75La15.65
BMG,Cu60Hf20Ti20
BMG,Zr65.5Al5.6Ni6.5Cu22.4
BMG,Pd32Ni48P20
BMG,Mg70Ag20Yb10
BMG,Cu47Zr43Al7Be3
BMG,Ca60Mg15Zn25
BMG,Zr48Cu42Al7Ag3
BMG,Zr52.5Cu17.9Ni14.6Al10Ti5
BMG,Fe76Mo2Ga2P10C4B4Si2
BMG,Cu54Ag6Zr33Ti7
BMG,Cu43Zr43Al7Be7
BMG,Mg72.5Pd18.75Yb8.75
BMG,Pd81Si19
BMG,Mg72.5Pd20Ca7.5
BMG,Al84Ni10Er6
BMG,Ni60Zr20Ti2.5Nb12.5Al5
BMG,Mg59Cu31Gd10
BMG,Zr64Al10.1Cu11.7Ni14.2
BMG,Zr50Cu45Ag5
BMG,Pd79Cu6Si10P5
BMG,Fe68W4Y6B22
BMG,Cu43Zr43Ag7Ti7
BMG,Ca55Mg10Cu35
BMG,Ti53Cu15Ni18.5Al7Si3Hf3B0.5
BMG,Ni42Ti20Zr22.5Al8Cu5Si2.5
BMG,Ni42Ti19Zr22.5Al8Cu5Si3.5
BMG,Ca62.5Mg17.5Zn20
BMG,Ca60Mg17.5Zn22.5
BMG,Cu42Zr42Ag8Al8
BMG,Fe71Nb6B23
BMG,Co48Cr15Mo14C15B6Er2
BMG,Fe76.0C7.0Si3.3B5.0P8.7
BMG,Fe61B15Mo7Zr8Co5Y2Cr2
BMG,Cu50Zr42.5Ti7.5
BMG,Fe72W3Y3B22
BMG,Ca60Mg20Zn20
BMG,Cu43Zr43Ag7In7
BMG,Cu40.9Mg31.8Ca27.3
BMG,Sr60Mg18Zn22
BMG,La65Al10Ag5Cu20
BMG,Fe74.5Mo5.5P12.5C5B2.5
BMG,Zr58Ni26.6Al15.4
BMG,La32Ce32Al16Ni5Cu10Co5
BMG,Co50Cr15Mo14C15B6
BMG,Mg63.5Cu27.5Gd9
BMG,Zr46Cu37.64Ag8.36Al8
BMG,Ti40Zr10Cu40Pd10
BMG,Sr20Ca20Yb20Mg20Zn20
BMG,Mg57Ni26La17
BMG,Mg70Pd20Yb10
BMG,Ag30.8Mg30.8Ca30.8Cu7.7
BMG,Zr61Cu17.8Ni12.8Al7.9Sn0.5
BMG,Cu45Zr15Ag10Hf30
BMG,Cu40.9Mg36.4Ca22.7
BMG,Cu52.5Zr42.5Ga5
BMG,Cu45Zr45Ag3Al7
BMG,Zr52.5Al10
BMG,Zr61.5Al10.7Cu13.65Ni14.15
BMG,La62.5Al12.5Ag5Cu20
BMG,Zr57Nb5Al10Cu15.4Ni12.6
BMG,Zr26Ti10Cu8Ni8Be20Y4Mg24
BMG,Pd79Ag3.5P6Si9.5Ge2
BMG,Mg70Ag20Ca10
BMG,Zr62.325Cu17.55Ni10.125Al10
BMG,Mg75Ni15Gd10
BMG,Mg58.5Cu30.5Gd11
BMG,Pd71.5Cu12Si16.5
BMG,Ni60Zr20Ti5Nb10Al5
BMG,Zr50Al10
BMG,Ca35Mg25Cu40
BMG,Zr60Nb3Cu14Ni13Al10
BMG,Cu47Ti33Nb11Ni8Si1
BMG,Cu48Zr48Al4
BMG,Zr60Al10
BMG,Cu50Hf43Al7
BMG,Pr60Al10Ni10Cu2Fe18
BMG,Mg65Cu7.5Ni7.5Ag5Zn5Gd2.5Y7.5
BMG,Au77.8Ge13.8Si8.4
BMG,Gd55Al25Cu10Cu10
BMG,Hf2Zr46Cu36Al8Ag8
BMG,Cu40Zr44Ag8Al8
BMG,Ni42Ti20Zr20.5Al8Cu5Si4.5
BMG,Ag30.8Mg23.1Ca30.8Cu15.4Cu7.7
BMG,Zr55Al15Co5Cu25
BMG,Mg70Pd20Ca10
BMG,Ni42Ti20Zr25Al8Cu5
BMG,Fe73Mo4Ga3P10C4B4Si2
BMG,Zr40Mg0.5Ti15Cu11Ni11Be21.5Y1
BMG,Zr62Cu15.5Ni12.5Al10
BMG,Zr61Cu16.3Ni12.8Al7.9Sn2
BMG,Pd73.5Cu10Si16.5
BMG,Ce70Al10Cu10Ni10
BMG,Cu45.5Mg18.1Ca36.4
BMG,Ag38.4Mg38.4Ca23.2
BMG,Mg67.5Ag22.5Ca10
BMG,Mg65Cu15Ag5Pd5Gd10
BMG,La55Al25Ag5Cu15
BMG,Pr60Al10Ni10Cu16Fe4
BMG,Ca45Mg30Cu25
BMG,Fe75Mo4P10C4B4Si3
BMG,Ag53.8Mg23.1Ca23.1
BMG,Zr49Ti14Ni20Cu17
BMG,Mg71Ni18La11
BMG,Zr55Al15Co2.5Cu27.5
BMG,Pd43Cu27Ni10P20
BMG,Zr47Cu46Al7
BMG,Zr55Al20Co17.5Cu7.5
BMG,Hf51Cu27.75Ni9.25Al12
BMG,Mg60Ni23.6Y0.5La15.9
BMG,Fe41.5Ni41.5P17
BMG,Zr36Nb12Cu10Ni6Fe2Be20Y2Mg12
BMG,Nd60Fe30Al10
BMG,Fe78Mo1P10C4B4Si3
BMG,Ag38.5Mg30.8Ca23.1Cu7.7
BMG,Ni40Cu6Ti16Zr28Al10
BMG,Ca55Mg20Cu25
BMG,Mg72.5Pd17.5Yb10
BMG,Cu44Zr44Ag12
BMG,Cu46Zr45Al7Y2
BMG,Cu60Hf10
BMG,Hf46Nb2Cu29.25Ni9.75Al13
BMG,Ni4Zr48Cu32Al8Ag8
BMG,La62Cu24Al9.0Mg5.0
BMG,Cu47Zr47Ag6
BMG,Fe61B15Mo7Zr8Co6Y2Al1
BMG,Cu44Zr44Ag6Al6
BMG,Pr60Al10Ni10Cu12Fe8
BMG,Fe71Mo1Y6B22
BMG,Zr47Ti8Cu7.5Ni10Be27.5
BMG,Y4Fe72B22Ta2
BMG,Pd77.5Si16.5Cu4
BMG,Ag53.8Mg23.1Ca15.4Cu7.7
BMG,Fe63C15Mo14Er2B6
BMG,Pd60Ni15P25
BMG,Cu60Hf10Zr20Ti10
BMG,Ca70Mg10Cu20
BMG,Ag38.5Mg38.5Ca15.4Cu7.7
BMG,Cu64Zr36
BMG,Fe56.05Co13.45Nb5.5B25
BMG,Zr54Al15Ni10Cu19Y2
BMG,Cu35Ag25Zr30Ti10
BMG,Cu45Zr25Ag10Hf20
BMG,Co58Ta7B35
BMG,Hf49Ta2Cu27.75Ni9.25Al12
BMG,Mg74Ni15Gd10Ag1
BMG,Fe2Zr48Cu34Al8Ag8
BMG,Fe68Mo4Y6B22
BMG,Zr48Cu45Al7
BMG,Zr56.6Cu17.3Ni12.5Al9.6Ti4
BMG,Ti40Zr10Cu30Pd20
BMG,Mg73Ni15Gd10Ag2
BMG,Al84Ni10Ce6
BMG,Cu45Zr35Ag10Hf10
BMG,Y4Fe72B22Ti2
BMG,Ca70Mg20Cu10
BMG,Zr51Cu20.7Ni12Al16.3
BMG,Fe77Ga3P9.5C4B4Si2.5
BMG,Mg65.5Cu25.4Gd9
BMG,Fe74Mo4Ga2P10C4B4Si2
BMG,Zr41Ti14Cu12.5Be22.5Fe10
BMG,Zr34Ti15Cu10Ni11Be28Y2
BMG,Fe55.8Co14.2Nb6B24
BMG,Zr70Al8Cu11Ni11
BMG,Mg65Cu20Y10Zn5
BMG,Mg65Cu25Nd10
BMG,Mg76.7Ag15.4Yb7.7
BMG,Sr50Mg20Zn20Cu10
BMG,Mg65Ni20La15
BMG,Mg65Cu7.5Ni7.5Ag5Zn5Y10
BMG,Ni60Nb30Zr10
BMG,Ho35Y21Al24Co20
BMG,Ti45Ni15Cu25Sn3Be7Zr5
BMG,Cu47Ti33Zr9Nb2Ni8Si1
BMG,Cu60Hf17.5Ti22.5
BMG,Nd55Al25Co22
BMG,Hf4Zr44Cu36Al8Ag8
BMG,Ti44.10Zr9.80Cu37.04Ni7.06Sn2.00
BMG,Pr60Al10Ni10Fe20
BMG,Cu45Zr45Ag5Al5
BMG,Cu55Zr40Ga5
BMG,Y4Fe72B22
BMG,La55Al15Ni10Cu10Co10
BMG,Mg65Cu7.5Ni7.5Ag5Zn5Gd10
BMG,Zr52.5Ti5Al10Cu17.9Ni14.6
BMG,Zr45Nb8Cu13Ni4Be22Fe8
BMG,Cu47Zr43Al7Ag3
BMG,Ti42.5Zr2.5Hf5Cu42.5Ni7.5
BMG,Ti43.15Zr9.59Cu36.24Ni9.06Sn1.96
BMG,Mg65Cu15Ag10Y2Gd8
BMG,Mg61.5Cu29.5Gd9
BMG,Ca60Al30Ag10
BMG,Fe68.3C6.9Si2.5B6.7P8.8Cr2.2Mo2.5Al2.1
BMG,Ni60Nb25Zr15
BMG,Fe56.8Co14.2Nb5B24
BMG,Ni60Nd40
BMG,Fe69W3Y6B22
BMG,Sr60Mg20Zn15Cu5
BMG,Zr36Nb12Cu10Ni8Be20Y2Mg12
BMG,Mg71Ni15Gd10Ag4
BMG,Er36Y20Al24Co20
BMG,Ca50Mg10Zn15Cu25
BMG,Pr55Cu17
BMG,Ag61.5Mg23.1Ca15.4
BMG,Ag53.8Mg15.4Ca30.8
BMG,Mg65Cu25Pr10
BMG,Zr70Al8Cu13.5Ni8.5
BMG,Zr65.025Cu14.85Ni10.125Al10
BMG,Fe73Nb4Hf3Y0B20
BMG,La62Cu12Ni12Al14
BMG,Ca53Mg23Cu24
BMG,Ni2Zr48Cu34Al8Ag8
BMG,Fe75Mo2Ga3P10C4B4Si2
BMG,Mg55Cu25Ag10Gd10
BMG,Mg60Ni23.6Y0.25La16.15
BMG,Ca55Mg20Zn25
BMG,Au70Cu5.5Ag7.5Si17
BMG,Cu50Mg18.2Ca31.8
BMG,Ag46.2Mg15.3Ca38.4
BMG,Cu45Zr45Ag7Al3
BMG,Zr53.1Ti5.4Cu19.8Ni11.7Al10
BMG,Fe76Mo3P10C4B4Si3
BMG,Nd60Fe20
BMG,Cu36Zr48Ag8Al8
BMG,Cu40Zr40Ag10Al10
BMG,Zr55Al10
BMG,Mg57Cu31.5Y8Nd3.5
BMG,Cu45Ag15Zr30Ti10
BMG,Mg57Cu31.5Y9.2Nd2.3
BMG,La62.5Al12.5Ag5Cu17.5Co2.5
BMG,Cu57.5Hf27.5Ti15
BMG,Mg65Cu7.5Ni7.5Zn5Ag5Y
BMG,Mg75Pd17.5Yb7.5
BMG,Ti40Zr10Cu36Pd14
BMG,Zr57Ti5Al10Ni8Cu20
BMG,Cu47Ti33Zr11Si1Ni6Sn2
BMG,Fe70W2Y6B22
BMG,Pd79Cu3Ag3Si10P5
BMG,Zr55.8Ni24.8Al19.4
BMG,Cu55Zr42.5Ga2.5
BMG,Mg70Ni20La10
BMG,Dy40Y16Al24Co20
BMG,Fe72W1Y5B22
BMG,Ca50Mg30Cu20
BMG,Ti41.5Zr2.5Cu42.5Ni7.5Hf5Si1
BMG,Au46Ag5Cu29Si20
BMG,Ca40Mg30Cu30
BMG,Ca50Mg15Zn10Cu25
BMG,Zr62.325Cu17.55
BMG,Mg50Ni30La20
BMG,Cu46Zr44Al7Y3
BMG,Pd42Cu30Ni10P18
BMG,La60Al15Ag5Cu20
BMG,Zr35Ti30Cu7.5Be27.5
BMG,Mg77.5Pd15Yb7.5
BMG,Cu43Zr40Ag7Ti10
BMG,Mg67.5Ag25Yb7.5
BMG,Ni42Ti20Zr21.5Al8Cu5Si3.5
BMG,Ca60Mg13Cu27
BMG,Fe71Nb4Hf3Y2B20
BMG,Ni59Zr20Ti16Si2Sn3
BMG,Mg61Cu28Gd11
BMG,La64Al14
BMG,Mg72.5Pd17.5Ca10
BMG,Zr60Al15Ni25
BMG,Cu57.5Zr37.5Ga5
BMG,Fe72Nb4B20Si4
BMG,Ag38.5Mg23Ca30.8Cu7.7
BMG,Fe45Co3Cr15Mo14C15B6Y2
BMG,La55Al15Ag10Cu20
BMG,Fe71Mo4Nb1P12C10B2
BMG,Ti55Zr10Cu9Ni8Be18
BMG,Cu60Zr29Ti10Sn1
BMG,Pt60Cu16Co2P22
BMG,La62Al14Cu24
Ribbon,Si25Ti25Zr50
Ribbon,B17Fe73Ni10
Ribbon,Si15W10Zr75
Ribbon,Cu50Ni10Zr40
Ribbon,Cu20Mg45Nd35
Ribbon,Al88Nd4Ni8
Ribbon,Al26Ni4Zr70
Ribbon,B16Fe79V5
Ribbon,La35Mg50Ni15
Ribbon,Cu40Hf45Ni15
Ribbon,Cu44Ti10Zr46
Ribbon,Al20Cu35Ti45
Ribbon,Al60Ni30Zr10
Ribbon,Mo48P20Ru32
Ribbon,Ce5Cu10Mg85
Ribbon,Al84La10Ni6
Ribbon,Be43Hf54Zr3
Ribbon,Si15W0Zr85
Ribbon,Ni33Ti0.05Zr66.95
Ribbon,B16Ni24Zr60
Ribbon,Ni33V0.2Zr66.8
Ribbon,Al5Cu50Ti45
Ribbon,B17Cu3Ni80
Ribbon,Fe88Mn2Zr10
Ribbon,B18Fe77Ni5
Ribbon,Ni25V10Zr65
Ribbon,C22Co46Mo32
Ribbon,Al5Ni65Zr30
Ribbon,B15Fe81Si4
Ribbon,Co81Mo14Zr5
Ribbon,Ni40Si10Ti50
Ribbon,Cu25Mg50Nd25
Ribbon,B14Fe79V7
Ribbon,Nb0Si13Zr87
Ribbon,Cu35Mg30Nd35
Ribbon,Ni33Ti0.2Zr66.8
Ribbon,B28C6Ni66
Ribbon,La0Mg75Zn25
Ribbon,Cu38.2Nb33Zr28.8
Ribbon,Si15Ta30Ti55
Ribbon,Al55Ge30V15
Ribbon,Cu40La0Mg60
Ribbon,Al25Ni20Y55
Ribbon,Al80Ce10Nb10
Ribbon,Al15Ni25Ti60
Ribbon,Cu50Ni20Zr30
Ribbon,B8Cr10Fe82
Ribbon,Ru10Si15Zr75
Ribbon,Cu25Ni15Zr60
Ribbon,Ca8Cu32.5La59.5
Ribbon,B17Ni68.5W14.5
Ribbon,B24Co64Ti12
Ribbon,Hf68Si15V17
Ribbon,Al60Ce10Ni30
Ribbon,Al87Ce10Cr3
Ribbon,Al12B22Co66
Ribbon,Ag35Ce4Cu61
Ribbon,Ce15Cu20Mg65
Ribbon,Cu20Ni30Ti50
Ribbon,Cr15Ni15Zr70
Ribbon,Al46La18Ni36
Ribbon,Mg80Nd10Ni10
Ribbon,Al82Nd10Ni8
Ribbon,Ni10Pd73.5Si16.5
Ribbon,Cu57Nb22Ti21
Ribbon,Fe80P12Si8
Ribbon,B19.1Ni78.8Ti2.1
Ribbon,Cu35La48Sr17
Ribbon,Al0B36Co64
Ribbon,Mg10Nd40Ni50
Ribbon,Cu16.5Pd67Si16.5
Ribbon,B25Co67.5Si7.5
Ribbon,B16Fe83Si1
Ribbon,Al20Ni50Zr30
Ribbon,Au4Pd75Si21
Ribbon,B14Fe85Ni1
Ribbon,Ag40Ce3Cu57
Ribbon,B17.5Fe21Ni61.5
Ribbon,Al0B18Co82
Ribbon,Al80Ni5Sm15
Ribbon,Hf54Si15V31
Ribbon,Co75.7Mo8Zr16.3
Ribbon,Cu0Ni40Zr60
Ribbon,Al25Cu25La50
Ribbon,Co0Ni50Ta50
Ribbon,Al26Ni46Zr28
Ribbon,Mg30Nd40Ni30
Ribbon,C16Co68Mo16
Ribbon,B25Cr0Fe75
Ribbon,Al12Cu80Nd8
Ribbon,Ni48V20Zr32
Ribbon,Al64Ni28Zr8
Ribbon,Ni50V25Zr25
Ribbon,Cu12Pd72.5Si15.5
Ribbon,Nb70Si20Ta10
Ribbon,C5Fe77.5P17.5
Ribbon,B18Ni80P2
Ribbon,B20Fe70Mn10
Ribbon,Cu40Ni20Ti40
Ribbon,Al18Ni54Zr28
Ribbon,Hf74Si15V11
Ribbon,Al10Ni35Zr55
Ribbon,Ag10.5Cu81.9P7.6
Ribbon,B20Mo75Si5
Ribbon,B14.4Cr6.6Fe79
Ribbon,B8Fe76Nd16
Ribbon,B18Cu0.5Fe81.5
Ribbon,Co90Ni0Zr10
Ribbon,Cu20Ni30Zr50
Ribbon,B42C16Ni42
Ribbon,Al89Ca11Mg0
Ribbon,Al34Ni36Zr30
Ribbon,Al89Ca11Cu0
Ribbon,Al24B34Co42
Ribbon,Al12B34Ni54
Ribbon,Al16B38Ni46
Ribbon,Co91W0Zr9
Ribbon,Al8B18Co74
Ribbon,Al88Ni7Zr5
Ribbon,Al90Ce3Co7
Ribbon,B16.5Fe61.5Ni22
Ribbon,Al25La55Mn20
Ribbon,Cr73Fe10P17
Ribbon,Fe89.982Ge0.018Zr10
Ribbon,B15Fe74.5Si10.5
Ribbon,Ge2Nb80Si18
Ribbon,B25Fe75Si0
Ribbon,Nb20Ni60Ta20
Ribbon,Cu15Mg75Nd10
Ribbon,Cu50Mg30Nd20
Ribbon,C12.5Fe70Si17.5
Ribbon,Cu51.3Hf38.7Nb10
Ribbon,Fe74Mo9P17
Ribbon,Al69Fe6Ge25
Ribbon,Nb60Si20V20
Ribbon,Al18Ni2Zr80
Ribbon,Hf75Si15V10
Ribbon,C6Nb80Si14
Ribbon,Ca1Cu27.5La71.5
Ribbon,B14Fe74Mo12
Ribbon,Ni30V10Zr60
Ribbon,Al25Co20Zr55
Ribbon,Cu40Ni10Ti50
Ribbon,Al53Mg21Pd26
Ribbon,Mo15Si15Zr70
Ribbon,Al12B22Fe66
Ribbon,Al86Nd1Ni13
Ribbon,Hf57Si15V28
Ribbon,Ni12.5Pd71Si16.5
Ribbon,C15Co70W15
Ribbon,Al66.5Ni15Si18.5
Ribbon,Co84W0Zr16
Ribbon,B22Fe78Si0
Ribbon,B9C9Fe82
Ribbon,Al0B18Fe82
Ribbon,Al32La18Ni50
Ribbon,Fe76P17V7
Ribbon,Al75Nd10Ni15
Ribbon,B8Ni32Zr60
Ribbon,Cu37La54Sr9
Ribbon,Al85Ca10Cu5
Ribbon,Ag10Mg70Y20
Ribbon,Ni15P25Pt60
Ribbon,Al2La42Ni56
Ribbon,Cu10Hf40Ni50
Ribbon,Ce0Mg90Ni10
Ribbon,B35C0Co65
Ribbon,Fe89.7Pr0.3Zr10
Ribbon,B16Fe25Ni59
Ribbon,Co15Pd68.5Si16.5
Ribbon,Al57Ni28Zr15
Ribbon,Fe80P11Si9
Ribbon,Cu15Ni25Zr60
Ribbon,Cu60Ni10Zr30
Ribbon,Ni33Ti0.1Zr66.9
Ribbon,Fe22Si10Zr68
Ribbon,B16.5Fe21Ni62.5
Ribbon,Al25Ni35Ti40
Ribbon,B20Fe21Ni59
Ribbon,Mg75Nd20Ni5
Ribbon,B12Co24Mn64
Ribbon,B18.5Fe78.5Nd3
Ribbon,Al60La12Ni28
Ribbon,Al15Cu25Zr60
Ribbon,Co89.8W4Zr6.2
Ribbon,B15Fe75.3Si9.7
Ribbon,Al70Mo10Ni20
Ribbon,B6Cr10Fe84
Ribbon,Al80Ce10Co10
Ribbon,B28Co52Mn20
Ribbon,Al66Mn14Si20
Ribbon,Ag5Pd77Si18
Ribbon,B5Cu15Zr80
Ribbon,Al90Ce10Cr0
Ribbon,B14Cr7Fe79
Ribbon,Al27Ni6Zr67
Ribbon,B15Fe82Nd3
Ribbon,Co36Fe54Zr10
Ribbon,Cu30Ni20Zr50
Ribbon,Al82Ni8Y10
Ribbon,B8Fe80Nb12
Ribbon,B28Co45.5Mn26.5
Ribbon,Cr0Ni33Zr67
Ribbon,Al25Ni15Zr60
Ribbon,Cr0Si15Zr85
Ribbon,B10Be20Fe70
Ribbon,La48Mg20Ni32
Ribbon,Au3.5Pd80.5Si16
Ribbon,Cu37La63Sr0
Ribbon,Al40Cu50Ti10
Ribbon,Al78La2Ni20
Ribbon,Hf83Nb2Si15
Ribbon,Al20B30Fe50
Ribbon,Co91Mo0Zr9
Ribbon,Al82Nd8Ni10
Ribbon,Ni45P10Pd45
Ribbon,Al84Ni0Sm16
Ribbon,Mo20Si15Zr65
Ribbon,C22Co54Mo24
Ribbon,Cu27.5La67.5Sr5
Ribbon,Si75Ti22Zr3
Ribbon,Cu40Ni15Zr45
Ribbon,Cu60Ni0Ti40
Ribbon,Co72.9Cr17.1Zr10
Ribbon,Al0.036Fe89.964Zr10
Ribbon,Al20B22Ni58
Ribbon,Co79.5V14Zr6.5
Ribbon,B7.5Fe77.5Nd15
Ribbon,Hf69Si15V16
Ribbon,B1Cu30Zr69
Ribbon,Al0Cu33Zr67
Ribbon,Cu20Ni26.4Zr53.6
Ribbon,B10Fe83P7
Ribbon,Co30Fe0Zr70
Ribbon,B9Fe91Mo0
Ribbon,Al70Ce15Ni15
Ribbon,Al10Cu36Y54
Ribbon,B17Nb5Ni78
Ribbon,Al60Ni25Y15
Ribbon,B22C10Ni68
Ribbon,Al90Ca10Cu0
Ribbon,La0Mg65Zn35
Ribbon,Co85.5Cr8Zr6.5
Ribbon,B17Fe82Si1
Ribbon,Al87Nd5Ni8
Ribbon,B21Fe75P4
Ribbon,Si10Ti15Zr75
Ribbon,C22Fe64W14
Ribbon,B20Cr6Fe74
Ribbon,B10Co77.5Si12.5
Ribbon,Co89.7Cr2Zr8.3
Ribbon,B16Co49Mn35
Ribbon,Hf70Si15V15
Ribbon,Cr2Pd78Si20
Ribbon,B10Fe85Ni5
Ribbon,Ag25Al20Mg55
Ribbon,Al85Gd5Ni10
Ribbon,Co74.5Cr8Zr17.5
Ribbon,Al25Ni25Zr50
Ribbon,Ni41.5P17Pd41.5
Ribbon,Al90Ce10Fe0
Ribbon,Cr25Fe65Zr10
Ribbon,Cr10Ni50Zr40
Ribbon,B38C0Ni62
Ribbon,Al20Ni40Zr40
Ribbon,Cu1.7Pd81.8Si16.5
Ribbon,Hf79Nb6Si15
Ribbon,B17Fe24Ni59
Ribbon,Cu30Hf20Ni50
Ribbon,Al30Cu10La60
Ribbon,Al5Ni20Zr75
Ribbon,Cu25La40Mg35
Ribbon,Ni30Ti0Zr70
Ribbon,Si15Ti40Zr45
Ribbon,Cu50Hf40Ni10
Ribbon,Al86La2Ni12
Ribbon,Cu51.3Nb10Zr38.7
Ribbon,Cu15Mg75Y10
Ribbon,B25Fe75Mo0
Ribbon,Ni24Si8Zr68
Ribbon,B10Fe75Zr15
Ribbon,B13Fe84Si3
Ribbon,B12Fe81Nb7
Ribbon,Au3Pd80.5Si16.5
Ribbon,Cu50Fe10Zr40
Ribbon,Al75Ni15Sm10
Ribbon,B17Co16.5Fe66.5
Ribbon,Co33P0Zr67
Ribbon,B13Co71Zr16
Ribbon,B12Cr26Fe62
Ribbon,B25Co65Si10
Ribbon,P19Pd61Ti20
Ribbon,Al83Nd9Ni8
Ribbon,B15Co70Si15
Ribbon,Si17Sn0Zr83
Ribbon,Cu39Ti17Zr44
Ribbon,Si45Ti8Zr47
Ribbon,B2.5Cu70Zr27.5
Ribbon,Al15Cu34Ti51
Ribbon,Si15Ti60Zr25
Ribbon,Al30Ni28Ti42
Ribbon,La5Mg75Zn20
Ribbon,Ag45Ce3Cu52
Ribbon,Hf59Si15V26
Ribbon,Au4Pd79Si17
Ribbon,B8Fe85Hf7
Ribbon,B17Ni76Si7
Ribbon,Ni33V0.1Zr66.9
Ribbon,Cu39.9Hf30.1Nb30
Ribbon,Ni45P25Pt30
Ribbon,Fe76.5Ni13.5Zr10
Ribbon,B12.5Co77.5Si10
Ribbon,Co3.5Ni77P19.5
Ribbon,Al34Ni24Zr42
Ribbon,Al81La13Ni6
Ribbon,Al54La16Ni30
Ribbon,Al80Cu15V5
Ribbon,Al15Ni45Zr40
Ribbon,Si15Ti5Zr80
Ribbon,Al30Ni15Zr55
Ribbon,Ag38.75Cu38.75Ge22.5
Ribbon,Al0.054Fe89.946Zr10
Ribbon,B6Fe79P15
Ribbon,Ni24P8Zr68
Ribbon,B17Fe73Ga10
Ribbon,Nb40Si13Zr47
Ribbon,Ni65P5Ta30
Ribbon,Cu0Pd82.4Si17.6
Ribbon,Al86Ni9Zr5
Ribbon,Ag35Ce5Cu60
Ribbon,Mg40Nd20Ni40
Ribbon,B32C12Co56
Ribbon,Al20Ni45Zr35
Ribbon,B13Fe83Si4
Ribbon,Cu20Hf20Ni60
Ribbon,C3.5Fe81.5P15
Ribbon,B18Fe82Nd0
Ribbon,Fe0Si15Zr85
Ribbon,Co65Cr25Zr10
Ribbon,B10Co20Ti70
Ribbon,Co55Fe0Zr45
Ribbon,Ag35Al20Mg45
Ribbon,Ge7Pd83Si10
Ribbon,Cr7Fe83Zr10
Ribbon,Ag20Mg60Y20
Ribbon,B24Co39Mn37
Ribbon,Co70Cr20Zr10
Ribbon,Al65Cu20Gd15
Ribbon,Al35Cu15La50
Ribbon,C16Co64Mo20
Ribbon,C2Nb80Si18
Ribbon,B2.3Fe83P14.7
Ribbon,C20Fe68W12
Ribbon,Ag20Mg40Y40
Ribbon,La24Mg60Ni16
Ribbon,Cu19Pd64.5Si16.5
Ribbon,Cu37La47Sr16
Ribbon,C10Fe65Si25
Ribbon,Al0Cu56Zr44
Ribbon,B0Ni67Zr33
Ribbon,Al30Cu20La50
Ribbon,Mn7Pd73Si20
Ribbon,Au4.2Pd79.3Si16.5
Ribbon,B17Ni71Ta12
Ribbon,Nb0Ni50Ta50
Ribbon,Al90Gd10Ni0
Ribbon,Fe28Rh2Zr70
Ribbon,Al15Ni55Zr30
Ribbon,Cu27La70Sr3
Ribbon,B17Fe75Ga8
Ribbon,B14Fe71Mo15
Ribbon,Nb35Ni60Ta5
Ribbon,Al58Ni32Zr10
Ribbon,Al85Ce10Fe5
Ribbon,Ag40Cu40Ge20
Ribbon,Al4B26Ni70
Ribbon,B15Cr9Fe76
Ribbon,Ba4Cu27La69
Ribbon,B14Fe81P5
Ribbon,Ni40Pd43.5Si16.5
Ribbon,B34C14Ni52
Ribbon,Cu10Hf70Ni20
Ribbon,B20Fe80Mn0
Ribbon,Al50Mn20Si30
Ribbon,Au45.5Cu45.5La9
Ribbon,Co77.2V16Zr6.8
Ribbon,Co4.2Pd79.3Si16.5
Ribbon,Al87.5Ca7.5Ni5
Ribbon,Fe89.91Ge0.09Zr10
Ribbon,Al85Cu5La10
Ribbon,Al85Gd9Ni6
Ribbon,Al20B18Fe62
Ribbon,Al83Ce7Fe10
Ribbon,Cu27La73Sr0
Ribbon,Ag55Ce6Cu39
Ribbon,Ag40Ce8Cu52
Ribbon,Si10Ti20Zr70
Ribbon,C18Co50Mo32
Ribbon,B18Cr10Fe72
Ribbon,B11Co53.4Mn35.6
Ribbon,Al82Ce8Ni10
Ribbon,Cu0Ni30Ti70
Ribbon,Mo5Ni75P20
Ribbon,B18Fe72Si10
Ribbon,Cu4.5Pd77.5Si18
Ribbon,B25Co62.5Si12.5
Ribbon,Ag6.7Pd76.8Si16.5
Ribbon,Cr14Ni68P18
Ribbon,Cr3Pd77Si20
Ribbon,Cu6Ni76P18
Ribbon,Cu28La63.5Sr8.5
Ribbon,Mn33Ni0.2Zr66.8
Ribbon,B14Fe86W0
Ribbon,B20Co70Cr10
Ribbon,B16Ni28Zr56
Ribbon,Al73Ni20Zr7
Ribbon,Ni40Si20Ti40
Ribbon,Ge15Nb50Zr35
Ribbon,Ag41Cu23Fe36
Ribbon,Ni5P19Pd76
Ribbon,Al0Ni50Zr50
Ribbon,Al76La2Ni22
Ribbon,B9Fe91Ni0
Ribbon,Cu4Pd79.5Si16.5
Ribbon,B12Co79Mn9
Ribbon,B15Cr12Fe73
Ribbon,Ni75P20Ti5
Ribbon,Si6Sn9Zr85
Ribbon,Al62Ni30Zr8
Ribbon,B5Cu30Zr65
Ribbon,B20.5Fe59.5Ni20
Ribbon,C18Co56Cr26
Ribbon,B16Fe81Mn3
Ribbon,Al20Ni35Zr45
Ribbon,B12Co68V20
Ribbon,B13Fe79P8
Ribbon,Nb80Si20W0
Ribbon,Si55Ti9Zr36
Ribbon,B17.5Fe74.25Nd8.25
Ribbon,Al36Ni28Zr36
Ribbon,B18Co78Ti4
Ribbon,Al15Ni40Zr45
Ribbon,Al33.4Fe33.3Gd33.3
Ribbon,Cu50Ni20Ti30
Ribbon,B17.5Fe78.375Nd4.125
Ribbon,C14Mo20Ni66
Ribbon,B21Fe75V4
Ribbon,Nb56Si14Ti30
Ribbon,B20Fe74Mo6
Ribbon,Si15V0Zr85
Ribbon,Al6Ni64Zr30
Ribbon,Co85Mo5Zr10
Ribbon,Al88Nd2Ni10
Ribbon,Ag7.5Cu85.5P7
Ribbon,Hf49Nb36Si15
Ribbon,Cu57Hf33Nb10
Ribbon,B17Fe79Ga4
Ribbon,B20Fe78Si2
Ribbon,Al5Ni45Zr50
Ribbon,Al83Ni10Sm7
Ribbon,Ni24Si1Zr75
Ribbon,B14Fe20Mn66
Ribbon,Al87.5Ca7.5Fe5
Ribbon,B4Cr8Fe88
Ribbon,Cu57Nb5Zr38
Ribbon,Ag25Mg60Y15
Ribbon,Ni53V20Zr27
Ribbon,Ag40Mg30Y30
Ribbon,Ni24Si2Zr74
Ribbon,Co66V20Zr14
Ribbon,Fe89.964Ge0.036Zr10
Ribbon,B24Fe69Si7
Ribbon,B20Cr20Ni60
Ribbon,Al20Ni20Zr60
Ribbon,P19Pd73Ti8
Ribbon,B16Fe69Ni15
Ribbon,Fe89.91V0.09Zr10
Ribbon,Al30La18Ni52
Ribbon,B0Fe79Nd21
Ribbon,La40Mg50Ni10
Ribbon,Au44.5Cu44.5La11
Ribbon,Au66Pd16Si18
Ribbon,Mg0Nd70Ni30
Ribbon,C5Fe75P20
Ribbon,Al70Nd15Ni15
Ribbon,Al6La30Ni64
Ribbon,C12.5Fe77.5P10
Ribbon,Cu35Mg50Nd15
Ribbon,Al20Ni30Ti50
Ribbon,Co54Pd1Zr45
Ribbon,Hf62Nb23Si15
Ribbon,Cr0Pd80Si20
Ribbon,Ag40Mg50Y10
Ribbon,B12Co45Mn43
Ribbon,Mg45Nd30Ni25
Ribbon,Ni56P20Pd24
Ribbon,B32Co54.4Mn13.6
Ribbon,Co2Ni80P18
Ribbon,B24Co48Mn28
Ribbon,Al25Cu55Ti20
Ribbon,C20Co56Mo24
Ribbon,Al57Ni30Zr13
Ribbon,Al0B38Ni62
Ribbon,Al90Ni0Sm10
Ribbon,C10Mo20Ni70
Ribbon,B42C2Ni56
Ribbon,B12Fe73Ni15
Ribbon,Ag0Mg84Y16
Ribbon,B17Fe80Nb3
Ribbon,C17.5Fe70Si12.5
Ribbon,Cu6.1Pd78.4Si15.5
Ribbon,B15Ni81.5P3.5
Ribbon,Ca8.5Cu35La56.5
Ribbon,Ag40Mg40Y20
Ribbon,Ni70Ti0Zr30
Ribbon,Fe16.5Ni16.5Zr67
Ribbon,Dy0.3Fe89.7Zr10
Ribbon,Mg20Nd30Ni50
Ribbon,Al38La18Ni44
Ribbon,Ag15Ce6Cu79
Ribbon,B16Fe69Mo15
Ribbon,Co82Mo2Zr16
Ribbon,Nb80Si20Ti0
Ribbon,Al11La87Ni2
Ribbon,Cu8Pd74Si18
Ribbon,Al25Gd55Ni20
Ribbon,B20Cr25Fe55
Ribbon,Ag15Al10Mg75
Ribbon,Si70Ti15Zr15
Ribbon,B24Co34Mn42
Ribbon,B12C7Fe81
Ribbon,Al93Ce7Cr0
Ribbon,B9Cr85Fe6
Ribbon,Ba7Cu28La65
Ribbon,Ni28V0Zr72
Ribbon,Al0Mg65Zn35
Ribbon,Hf67Ni33P0
Ribbon,Ni20P19Pd61
Ribbon,Co34Pd1Zr65
Ribbon,B17.5Fe80Si2.5
Ribbon,B18.5Co81.5Cr0
Ribbon,B12.2Fe74.8Si13
Ribbon,Al4B42Ni54
Ribbon,Cu35Ni20Zr45
Ribbon,Cu8Pd75.8Si16.2
Ribbon,Cu0Ni50Zr50
Ribbon,B6Cr8Fe86
Ribbon,Ag20Al25La55
Ribbon,Ni55V10Zr35
Ribbon,Al50Mn15Si35
Ribbon,B12Co18Mn70
Ribbon,Cu37La50.5Sr12.5
Ribbon,B20Fe73.5W6.5
Ribbon,Cu0Ni40Ti60
Ribbon,Al4B18Co78
Ribbon,B8Fe22Zr70
Ribbon,Ag10.5Cu82.5P7
Ribbon,Hf68Nb17Si15
Ribbon,Ni0Si20Ti80
Ribbon,Mn74P13Si13
Ribbon,B25Fe65Ni10
Ribbon,Cu0Pd78Si22
Ribbon,Al65Ce5Ni30
Ribbon,Mo7Ni73P20
Ribbon,C12Mo20Ni68
Ribbon,Al85Nd7Ni8
Ribbon,Al85Ca10Zn5
Ribbon,Hf64Nb21Si15
Ribbon,B17Fe48Ni35
Ribbon,Cr15Fe75Zr10
Ribbon,Al24Ni48Zr28
Ribbon,B6Fe82P12
Ribbon,Al90Cu5La5
Ribbon,Ni24V25Zr51
Ribbon,B18.5Fe75.5Nd6
Ribbon,Ag25Al10Mg65
Ribbon,Si20Ti80V0
Ribbon,Co77.5Mo6Zr16.5
Ribbon,Cu10Ni72P18
Ribbon,Al0Cu73Ti27
Ribbon,C22Co50Mo28
Ribbon,Ca7.5Cu5Mg87.5
Ribbon,Al70Cu20V10
Ribbon,B12C5Fe83
Ribbon,Cu60Ti40Zr0
Ribbon,B15Cr11Fe74
Ribbon,Al15Cu25Ti60
Ribbon,B55C12Ni33
Ribbon,Ni80P18W2
Ribbon,Al86Ni12Zr2
Ribbon,Al85Ni6Sm9
Ribbon,Al84Ni8Zr8
Ribbon,Fe25Ni55P20
Ribbon,Mg55Nd25Ni20
Ribbon,B9Fe80P11
Ribbon,Si65Ti23Zr12
Ribbon,Al4B22Fe74
Ribbon,Al24B40Co36
Ribbon,Al90Ce8Nb2
Ribbon,B18Fe57Ni25
Ribbon,Cu59Fe1Zr40
Ribbon,Cu35Hf50Ni15
Ribbon,Al0B30Co70
Ribbon,Si40Ti15Zr45
Ribbon,B16Fe80Ho4
Ribbon,Al65Mn15Si20
Ribbon,Al65Ce15Ni20
Ribbon,Ni65P20Ti15
Ribbon,Be32.5Nb0Zr67.5
Ribbon,B16Fe84Ni0
Ribbon,Al26La18Ni56
Ribbon,B18.5Ni81.5P0
Ribbon,Al13La87Ni0
Ribbon,Ni49P2Zr49
Ribbon,Al63La20Ni17
Ribbon,B34C6Ni60
Ribbon,Ni28Si16Ti56
Ribbon,Al5Ni50Zr45
Ribbon,Be30Ti0Zr70
Ribbon,In6Mg70Zn24
Ribbon,Ge4Nb76Si20
Ribbon,B12Fe70Mo18
Ribbon,Co65.5Mo20Zr14.5
Ribbon,B22Ni72Si6
Ribbon,Co22P11Zr67
Ribbon,C18Co42Cr40
Ribbon,Al3Fe80P17
Ribbon,B16Co65Mn19
Ribbon,B2Fe90Zr8
Ribbon,Cr23Fe55P22
Ribbon,B16Fe80P4
Ribbon,Co84Mo0Zr16
Ribbon,Al67.5Ni15Si17.5
Ribbon,Cr5Ni76P19
Ribbon,Ni31.35V5Zr63.65
Ribbon,Al42Fe10Ge48
Ribbon,B17Fe23Ni60
Ribbon,Cu54Ti11Zr35
Ribbon,Al52Fe23Si25
Ribbon,Ag7.1Cu85.2P7.7
Ribbon,Cu29La60Sr11
Ribbon,Co85Ni5Zr10
Ribbon,Cu70Hf30Ni0
Ribbon,B20Fe35Ni45
Ribbon,Al75Ni10Sm15
Ribbon,Cu37La53Sr10
Ribbon,B20Cr35Fe45
Ribbon,Al88Nd8Ni4
Ribbon,Ba67Cu5La28
Ribbon,Ni64P20Pt16
Ribbon,B35Co65Mn0
Ribbon,Al0Ni30Ti70
Ribbon,Al12B26Ni62
Ribbon,Al84Nd1Ni15
Ribbon,B16Co43.5Mn40.5
Ribbon,B18.5Fe31.5Nd50
Ribbon,C20Co70Mo10
Ribbon,Cu25Hf55Ni20
Ribbon,Ca2Cu28La70
Ribbon,Cu0Hf60Ni40
Ribbon,Be30Nb5Zr65
Ribbon,Al58La14Ni28
Ribbon,C17.5Fe65Si17.5
Ribbon,Hf57Nb28Si15
Ribbon,Cu30Mg50Nd20
Ribbon,Mn2Pd78Si20
Ribbon,Co76.4W8Zr15.6
Ribbon,Cu37Mg48Y15
Ribbon,Ni80P20Ti0
Ribbon,Mg50Nd25Ni25
Ribbon,Cu0Hf70Ni30
Ribbon,Cr15Ni66P19
Ribbon,Al57La26Ni17
Ribbon,Cu55Ti25Zr20
Ribbon,Al91Ca9Fe0
Ribbon,B27Fe36.5Ni36.5
Ribbon,Ca60Ga5Mg35
Ribbon,Ag20Ce6Cu74
Ribbon,B16Cr5Fe79
Ribbon,B15Fe77P8
Ribbon,Cu42.7Nb25Ti32.3
Ribbon,Mo5Si15Zr80
Ribbon,Fe33Ni0.1Zr66.9
Ribbon,Ni24Si4Zr72
Ribbon,Al16B22Fe62
Ribbon,B12.75Co72.25Ti15
Ribbon,Al32Ni16Zr52
Ribbon,Al0Ni68Zr32
Ribbon,B18C3Fe79
Ribbon,B10Fe70Mo20
Ribbon,B20Co60Mn20
Ribbon,Al24La18Ni58
Ribbon,Cr17Fe73Zr10
Ribbon,Ni35Si15Ti50
Ribbon,Al85Ni0Y15
Ribbon,Al30Ni42Zr28
Ribbon,Al20Cu50Ti30
Ribbon,B0Fe85Nd15
Ribbon,B13Cu0.5Fe86.5
Ribbon,Mg83Nd5Ni12
Ribbon,Si15Ti55Zr30
Ribbon,Cu30Mg40Nd30
Ribbon,Ni24P1Zr75
Ribbon,Al16B26Fe58
Ribbon,Co84.8W10Zr5.2
Ribbon,B16C10Ni74
Ribbon,Al16B22Co62
Ribbon,Ni65P0Ta35
Ribbon,Mg75Nd15Ni10
Ribbon,Co50Fe40Zr10
Ribbon,Al81Ni10Sm9
Ribbon,Hf51Nb34Si15
Ribbon,B21Fe70Si9
Ribbon,Cu0Ni30Zr70
Ribbon,B17.5Fe73Si9.5
Ribbon,Al10Mg75Zn15
Ribbon,B23Fe38.5Ni38.5
Ribbon,B23Fe60.1Ni16.9
Ribbon,Ge15Mo0Zr85
Ribbon,Cu50Ni0Zr50
Ribbon,B28Co45Mn27
Ribbon,Ce5Cu25Mg70
Ribbon,B42C14Ni44
Ribbon,B18.5Co81.5Mn0
Ribbon,Al82La2Ni16
Ribbon,B20Co36.5Mn43.5
Ribbon,Cu50Mg40Nd10
Ribbon,B28Co57.6Mn14.4
Ribbon,B12C3Fe85
Ribbon,Al71Co4Si25
Ribbon,C6.5Fe82P11.5
Ribbon,Al8La86Ni6
Ribbon,B25Cr70Fe5
Ribbon,Co76.3V8Zr15.7
Ribbon,Al92Ce8Fe0
Ribbon,C17.5Fe75P7.5
Ribbon,Au7.5Pd76Si16.5
Ribbon,Co2Mn88Zr10
Ribbon,B20Mo70Si10
Ribbon,Mg50Nd35Ni15
Ribbon,B20Fe19Zr61
Ribbon,Al13Ni58Zr29
Ribbon,C10Fe72.5P17.5
Ribbon,B14Fe81Ni5
Ribbon,Fe23.1Ni9.9Zr67
Ribbon,Al70Ni10Sm20
Ribbon,Si40Ti8Zr52
Ribbon,Cu25Mg65Nd10
Ribbon,C18Co44Cr38
Ribbon,B0Fe80Nd20
Ribbon,La60Mg0Ni40
Ribbon,Ni32Si20Ti48
Ribbon,C17.5Fe72.5P10
Ribbon,B17Fe80Ni3
Ribbon,Cu56P2Zr42
Ribbon,Al30Ca60Ga10
Ribbon,B9Fe6Mn85
Ribbon,C20Co48Mo32
Ribbon,Ag55Ce5Cu40
Ribbon,Fe9.9Ni23.1Zr67
Ribbon,Cu57Nb20Zr23
Ribbon,B12Cr5Fe83
Ribbon,B24Co52Mn24
Ribbon,Al90Ca10Co0
Ribbon,Fe89.946Si0.054Zr10
Ribbon,B59C4Ni37
Ribbon,Ca0Cu37La63
Ribbon,Al91Ce9Cr0
Ribbon,B13Fe77P10
Ribbon,Fe33Ni0.05Zr66.95
Ribbon,Al56La40Ni4
Ribbon,Hf63Si15V22
Ribbon,Mg55Nd15Ni30
Ribbon,Al53La32Ni15
Ribbon,Co0Fe30Zr70
Ribbon,Co80W10Zr10
Ribbon,C22Co44Cr34
Ribbon,B17Nb11.5Ni71.5
Ribbon,B22C18Ni60
Ribbon,Nb85Si15Ti0
Ribbon,B8Ni30Ti62
Ribbon,Co10Pd73.5Si16.5
Ribbon,B9Fe77.5Si13.5
Ribbon,Cu25Mg45Nd30
Ribbon,Ni59Pd1Ta40
Ribbon,Al80Ni10Sm10
Ribbon,Ni26.4V20Zr53.6
Ribbon,Au3Cu27Mg70
Ribbon,Be43Hf5Zr52
Ribbon,Al22.5B10Tb67.5
Ribbon,Al12Ga12Mg76
Ribbon,Cu0Ni45Ti55
Ribbon,Co91Cr0Zr9
Ribbon,Al60Ni22Zr18
Ribbon,Ni20P0Pd80
Ribbon,Al92Gd8Ni0
Ribbon,B11C5Fe84
Ribbon,Al10Ni60Zr30
Ribbon,Cu12Ni68P20
Ribbon,Ir1Ni59Ta40
Ribbon,B12Fe81P7
Ribbon,Al25Cu15La60
Ribbon,Al52Co23Si25
Ribbon,Cu50Ti30Zr20
Ribbon,Al20B14Fe66
Ribbon,Al10Ni30Ti60
Ribbon,Cu7Pd73Si20
Ribbon,B10Mo75Si15
Ribbon,Al0Cu40Zr60
Ribbon,Co30Hf67P3
Ribbon,B16Fe50.4Nd33.6
Ribbon,Ni60P20Pd20
Ribbon,Cu37La55Sr8
Ribbon,Si35Ti20Zr45
Ribbon,Co88V4Zr8
Ribbon,Al68Ge22V10
Ribbon,Fe20.2Ni12.8Zr67
Ribbon,Al83La13Ni4
Ribbon,Al86Nd6Ni8
Ribbon,Al0Ni60Zr40
Ribbon,La0Mg70Zn30
Ribbon,Al50Cu40Ti10
Ribbon,Al10Cu60Ti30
Ribbon,Mg65Nd10Ni25
Ribbon,Al88Ce2Co10
Ribbon,Al8Si7Zr85
Ribbon,Al90Nd3Ni7
Ribbon,B19Fe30.5Ni50.5
Ribbon,B16Fe74Ni10
Ribbon,Al2La44Ni54
Ribbon,Ni35Si0Ti65
Ribbon,Cu4Pd79.1Si16.9
Ribbon,Al88Ce10Co2
Ribbon,Cu45Ti25Zr30
Ribbon,Al0B40Co60
Ribbon,B20Fe74Mn6
Ribbon,Al8B26Co66
Ribbon,Au0Pd80Si20
Ribbon,Ni36.5P27Pd36.5
Ribbon,Al65Cr10Si25
Ribbon,Ni40Si5Ti55
Ribbon,Hf71Nb14Si15
Ribbon,Cu33Ni0.1Zr66.9
Ribbon,Al86Nd2Ni12
Ribbon,Fe33Ni0Zr67
Ribbon,Cu40Mg40Nd20
Ribbon,Ag9Cu82.8P8.2
Ribbon,Al10Mg65Zn25
Ribbon,Ni30Si20Ti50
Ribbon,Al12B18Ni70
Ribbon,Al50Cu0La50
Ribbon,Al82Nd2Ni16
Ribbon,La8Mg67Zn25
Ribbon,Be30Si5Ti65
Ribbon,Al0Ni30Zr70
Ribbon,Si5Ti15Zr80
Ribbon,Cu33La51.5Sr15.5
Ribbon,B15Cr2.5Fe82.5
Ribbon,B17Co0Fe83
Ribbon,B20Co70Si10
Ribbon,B14Cu0.5Fe85.5
Ribbon,Al70Ni15Si15
Ribbon,B20Cr10Ni70
Ribbon,Al10Ni50Zr40
Ribbon,Ag46Cu12Fe42
Ribbon,B17Fe43Ni40
Ribbon,Mg86Mn4Y10
Ribbon,B24Fe38Ni38
Ribbon,Nb0Si17Zr83
Ribbon,Co10Pd70Si20
Ribbon,Al65Cu30V5
Ribbon,Fe25Sc37.5Zr37.5
Ribbon,B12Ni81.5P6.5
Ribbon,B11C7Fe82
Ribbon,B18.2Ni78Ti3.8
Ribbon,Ag0Pd79Si21
Ribbon,B12Cr18Fe70
Ribbon,Cu32La53.5Sr14.5
Ribbon,B34Co33Ni33
Ribbon,Al85Ni5Sm10
Ribbon,B50C12Ni38
Ribbon,Al90Nd5Ni5
Ribbon,Ni6.7Pd76.8Si16.5
Ribbon,Al87Ce8Cu5
Ribbon,B5Fe83P12
Ribbon,C7.5Fe77.5P15
Ribbon,Ni64P20Pd16
Ribbon,Hf43Nb42Si15
Ribbon,Al84Nd8Ni8
Ribbon,Fe9Ni81Zr10
Ribbon,Al36Ni30Zr34
Ribbon,Al15Ni15Zr70
Ribbon,Mg50Nd30Ni20
Ribbon,C22Co40Cr38
Ribbon,Ni70P20Ti10
Ribbon,B15Fe79Zr6
Ribbon,Cu8Ni74P18
Ribbon,B2.5Cu50Zr47.5
Ribbon,Ca70Cu30Mg0
Ribbon,B16Fe82Ho2
Ribbon,Cr25Fe57.5P17.5
Ribbon,B20Co4Fe76
Ribbon,Al80Gd10Ni10
Ribbon,Ni11.7Pd71.8Si16.5
Ribbon,Ag50Ce5Cu45
Ribbon,Hf77Si15V8
Ribbon,B42C10Ni48
Ribbon,Al88Nd1Ni11
Ribbon,Si20Ti9Zr71
Ribbon,Co82W2Zr16
Ribbon,Al86La14Ni0
Ribbon,Al15Ca70Mg15
Ribbon,Al57La43Ni0
Ribbon,Al12B38Co50
Ribbon,Cu40Mg60Nd0
Ribbon,Cu28.5La62.5Sr9
Ribbon,B15Cr15Fe70
Ribbon,B18Fe67Ni15
Ribbon,B9Fe6Mo85
Ribbon,B5Fe80Zr15
Ribbon,Co85.5W5Zr9.5
Ribbon,B32C8Co60
Ribbon,Al5Ni55Zr40
Ribbon,Co0Mn90Zr10
Ribbon,Al64Ge26Ni10
Ribbon,Si20Ti20Zr60
Ribbon,C18Cr26Fe56
Ribbon,B20Fe60Mn20
Ribbon,B4Fe80P16
Ribbon,Cu30Hf45Ni25
Ribbon,B20Fe67Si13
Ribbon,Co75.4Cr12.6Zr12
Ribbon,Al75Co10Si15
Ribbon,Cu57Nb5Ti38
Ribbon,Nb40Ni59Pt1
Ribbon,C6.5Fe77.5P16
Ribbon,Cr10Ni71P19
Ribbon,Ge15Nb75Si10
Ribbon,Ca8.5Cu33La58.5
Ribbon,B12Co48Mn40
Ribbon,Cr0Ni60Zr40
Ribbon,Al83Nd7Ni10
Ribbon,Cu39.9Nb30Ti30.1
Ribbon,Al30Ni35Zr35
Ribbon,Al25Ni30Zr45
Ribbon,B3.5Fe92Zr4.5
Ribbon,Al10Cu25Hf65
Ribbon,Cu5.8Pd74.7Si19.5
Ribbon,Be32.5Nb4Zr63.5
Ribbon,Si50Ti8Zr42
Ribbon,Cr6Pd74Si20
Ribbon,Co81.2Cr9.6Zr9.2
Ribbon,Al87.5Mn0.5Ni12
Ribbon,Al16Ni56Zr28
Ribbon,Al20Cr10Zr70
Ribbon,Co90Mo0Zr10
Ribbon,Co78Cr11.2Zr10.8
Ribbon,Ni45V10Zr45
Ribbon,Al8B22Fe70
Ribbon,Be25Si5Ti70
Ribbon,Fe68Mn15P17
Ribbon,C20Fe65Si15
Ribbon,Si75Ti12Zr13
Ribbon,Hf70Nb15Si15
Ribbon,Fe90Ge0Zr10
Ribbon,B24Co42Mn34
Ribbon,B6Fe82Nb12
Ribbon,Al93Ce7Cu0
Ribbon,Cr74Fe9P17
Ribbon,Co72Mo12Zr16
Ribbon,Cr33Ni0.1Zr66.9
Ribbon,Ag0Pd84Si16
Ribbon,Al5Ni60Zr35
Ribbon,C18Co58Mo24
Ribbon,Si25Ti8Zr67
Ribbon,Mn5Ni31.35Zr63.65
Ribbon,Cu0Hf30Ni70
Ribbon,Al87.5Fe2Ni10.5
Ribbon,Co78.5Cr4Zr17.5
Ribbon,B17Co33Fe50
Ribbon,B2Co91Zr7
Ribbon,C12.5Co65Si22.5
Ribbon,Co83.4Cr8.3Zr8.3
Ribbon,Cu55Fe5Ti40
Ribbon,Ca4Cu29La67
Ribbon,Ca5Cu30La65
Ribbon,B13.5Co76.5V10
Ribbon,Ni63P20Pd17
Ribbon,B23Fe46.2Ni30.8
Ribbon,P19Pd79Ti2
Ribbon,Mg0Nd60Ni40
Ribbon,Cu38.2Nb33Ti28.8
Ribbon,Ge3Nb80Si17
Ribbon,Ni31V5Zr64
Ribbon,Co83Mo12Zr5
Ribbon,B2.5Cu40Zr57.5
Ribbon,Ni56P20Pt24
Ribbon,Fe4.2Pd79.3Si16.5
Ribbon,Nb60Si15Ti25
Ribbon,Fe24Hf34.2Zr41.8
Ribbon,Cr58Ni27P15
Ribbon,Ni35Si5Ti60
Ribbon,Ag30Ce6Cu64
Ribbon,La9Mg85Ni6
Ribbon,Cu60Hf30Ni10
Ribbon,B46C12Ni42
Ribbon,Al10Ni10Zr80
Ribbon,B46C20Ni34
Ribbon,Cu20Hf65Ni15
Ribbon,B25Co75Cr0
Ribbon,Al53La36Ni11
Ribbon,Al40Cu0La60
Ribbon,Ag15Pd68.5Si16.5
Ribbon,Ag50Ce4Cu46
Ribbon,B20Co72.5Si7.5
Ribbon,Cu40Ni0Zr60
Ribbon,Al88La7Ni5
Ribbon,Co78Mo10.8Zr11.2
Ribbon,La10Mg65Zn25
Ribbon,C22Co68Mo10
Ribbon,Al86.7Fe1Ni12.3
Ribbon,C18Co62Mo20
Ribbon,Fe16Ni64P20
Ribbon,Al85Ce10Mn5
Ribbon,Al90Ca10Mg0
Ribbon,Co88.5Cr4Zr7.5
Ribbon,Fe5.1Pd78.1Si16.8
Ribbon,Al76Ni18Zr6
Ribbon,B31Co41Mn28
Ribbon,Cu30Mg60Nd10
Ribbon,Al24B26Ni50
Ribbon,Fe80Ni0P20
Ribbon,Co77W14Zr9
Ribbon,Hf78Si15V7
Ribbon,Al5Ni40Zr55
Ribbon,Co72.8Cr20Zr7.2
Ribbon,Cu60Mg20Nd20
Ribbon,Ba5Cu42La53
Ribbon,Al19La22Ni59
Ribbon,Cr40Ni40P20
Ribbon,B11Fe82Ti7
Ribbon,Si65Ti10Zr25
Ribbon,Cu25Mg60Nd15
Ribbon,Al16B18Ni66
Ribbon,B9Fe78P13
Ribbon,Al5Cu55Ti40
Ribbon,Cu0Ni33Zr67
Ribbon,La18Mg70Ni12
Ribbon,Al80Ni15Sm5
Ribbon,Cu54.1Hf40.9Nb5
Ribbon,B16Co24.5Mn59.5
Ribbon,Cu57Nb15Ti28
Ribbon,Hf67Ni27P6
Ribbon,Cu30Ni10Ti60
Ribbon,Al85Nd5Ni10
Ribbon,B25Co0Fe75
Ribbon,Al86Nd10Ni4
Ribbon,Al0B42Ni58
Ribbon,Cr5Ni31.35Zr63.65
Ribbon,Al57Ni32Zr11
Ribbon,Fe15Ni65P20
Ribbon,Co9Ni72P19
Ribbon,Ba3Cu40La57
Ribbon,Mg50Nd20Ni30
Ribbon,Cr0Ni82P18
Ribbon,Cu30La5Mg65
Ribbon,B15Mo70Si15
Ribbon,Mg75Nd10Ni15
Ribbon,Al5Ni35Zr60
Ribbon,Co69.2V16Zr14.8
Ribbon,Nb40Si17Zr43
Ribbon,B21Fe75Si4
Ribbon,Ce5Cu30Mg65
Ribbon,C16Co72Mo12
Ribbon,B20Co64Ti16
Ribbon,B21Ni67Si12
Ribbon,B28Co50.4Mn21.6
Ribbon,Cu27.5La66Sr6.5
Ribbon,B16Co50.4Mn33.6
Ribbon,Co89.5V2Zr8.5
Ribbon,Al56La42Ni2
Ribbon,Cu20Hf50Ni30
Ribbon,Al0B22Co78
Ribbon,B17Fe63Ni20
Ribbon,Co79.7Mo4Zr16.3
Ribbon,Ni32Si4Ti64
Ribbon,B18Fe72Ni10
Ribbon,Cu0Ni60Zr40
Ribbon,B10Cu30Zr60
Ribbon,B17Fe80.5Mo2.5
Ribbon,B14Fe80P6
Ribbon,Al35Ni26Zr39
Ribbon,B18C2Fe80
Ribbon,Al8B42Ni50
Ribbon,Ba4.5Cu27.5La68
Ribbon,Ag40Ce5Cu55
Ribbon,Al12B30Co58
Ribbon,B12Fe82Nd6
Ribbon,Fe89.982Si0.018Zr10
Ribbon,Hf60Nb25Si15
Ribbon,B20Fe78Mn2
Ribbon,Ba9Cu31La60
Ribbon,Ba4Cu42La54
Ribbon,Al8B26Ni66
Ribbon,B22Co74Ti4
Ribbon,B16Fe74.8Nd9.2
Ribbon,Al73Ge17Mn10
Ribbon,Au76.89Ge13.66Si9.45
Ribbon,Ni85P5Ta10
Ribbon,La0Mg60Zn40
Ribbon,Fe89.946Ge0.054Zr10
Ribbon,Cu50Ti15Zr35
Ribbon,B20Mo72.5Si7.5
Ribbon,B23Fe12.3Ni64.7
Ribbon,Cu45.6Nb20Zr34.4
Ribbon,B20Co65Cr15
Ribbon,B16Fe81Ni3
Ribbon,B12Fe68Mo20
Ribbon,Al25Ce55Ni20
Ribbon,B2.5Cu25Zr72.5
Ribbon,Al90Ca7.5Fe2.5
Ribbon,B8Fe85Nb7
Ribbon,Al6Cu84Nd10
Ribbon,Cu34La50Sr16
Ribbon,B16C6Ni78
Ribbon,Ag38Cu22Fe40
Ribbon,B20Cr25Ni55
Ribbon,B17Co11.5Fe71.5
Ribbon,La36Mg40Ni24
Ribbon,Fe3Ni77P20
Ribbon,Ge4Pd84Si12
Ribbon,Si50Ti25Zr25
Ribbon,Al30Ni30Zr40
Ribbon,Ge0Pd84Si16
Ribbon,La20Mg35Ni45
Ribbon,B14Fe71V15
Ribbon,B16Fe67.2Nd16.8
Ribbon,B7C7Fe86
Ribbon,Cr59.81Ni25.31P14.88
Ribbon,B14Cu0Fe86
Ribbon,Cu16Ni23Ti61
Ribbon,Au45Cu45La10
Ribbon,Cu37La57Sr6
Ribbon,B20Fe76Mn4
Ribbon,B16Fe77Nb7
Ribbon,Al92Ce8V0
Ribbon,Al12B14Fe74
Ribbon,Al81Gd9Ni10
Ribbon,B0Fe40Nd60
Ribbon,Al30Ni40Zr30
Ribbon,Cu30Hf70Ni0
Ribbon,Ge0Nb80Si20
Ribbon,Mg20Nd50Ni30
Ribbon,Ag30Mg55Y15
Ribbon,B10Fe75Nb15
Ribbon,Al16B26Co58
Ribbon,C18Fe74Mo8
Ribbon,Ni75P5Ta20
Ribbon,B5Cu60Zr35
Ribbon,Ce3Mg85Zn12
Ribbon,B9Fe82P9
Ribbon,Al20Cu20La60
Ribbon,Ni40Si15Ti45
Ribbon,Al15Cu25La60
Ribbon,Hf58Si15V27
Ribbon,B10C7Fe83
Ribbon,Fe28Ru2Zr70
Ribbon,Al1La81Ni18
Ribbon,Ba2Cu27La71
Ribbon,Cu35Mg55Nd10
Ribbon,Mg55Nd35Ni10
Ribbon,Al69Ge25Ni6
Ribbon,B16Co25Mn59
Ribbon,Hf52Si15V33
Ribbon,Si60Ti20Zr20
Ribbon,Ca50Cu20Mg30
Ribbon,Al50Cu45Ti5
Ribbon,Cu57Hf21Nb22
Ribbon,Cu57Nb15Zr28
Ribbon,Mn0Ni33Zr67
Ribbon,Mg80Ni20Y0
Ribbon,B20Fe75Mo5
Ribbon,Fe30Ni50P20
Ribbon,Al75Ce10Ni15
Ribbon,Al2.5Fe65Tb32.5
Ribbon,B12Fe77Si11
Ribbon,Be39Si0Ti61
Ribbon,Si65Ti20Zr15
Ribbon,Ce0Mg80Ni20
Ribbon,B25Co70Si5
Ribbon,B12.5Co75Si12.5
Ribbon,Ca7Cu32La61
Ribbon,Cu0Pd84Si16
Ribbon,Al20Ca60Ga20
Ribbon,B25Co75Mn0
Ribbon,B12Fe21Zr67
Ribbon,B28C16Ni56
Ribbon,Cu37La56Sr7
Ribbon,Ca70Cu20Mg10
Ribbon,Cr7Fe76P17
Ribbon,Al85Ni10Sm5
Ribbon,Ba9Cu39La52
Ribbon,Cu4.2Pd79.3Si16.5
Ribbon,Al84Ni10Zr6
Ribbon,Co85W5Zr10
Ribbon,Mg86Mn2Y12
Ribbon,Cu20Ni20Zr60
Ribbon,B30Fe35Ni35
Ribbon,Ni47V30Zr23
Ribbon,Al5Cu38Y57
Ribbon,Co84V0Zr16
Ribbon,C16Co60Mo24
Ribbon,B20Fe66Mn14
Ribbon,Cu1Mg84Y15
Ribbon,Cu10Hf30Ni60
Ribbon,Hf10Si15Zr75
Ribbon,Ba10Cu32La58
Ribbon,Fe90Si0Zr10
Ribbon,Al0Cu60Zr40
Ribbon,Cu57Nb10Zr33
Ribbon,B20Cr40Fe40
Ribbon,Si15Ta30Zr55
Ribbon,Co74.5Mo13Zr12.5
Ribbon,Al15Cu30Ti55
Ribbon,B20Cu0Fe80
Ribbon,Si60Ti9Zr31
Ribbon,Mn10Ni29.7Zr60.3
Ribbon,Al21La20Ni59
Ribbon,Cu20Hf60Ni20
Ribbon,B7Fe79P14
Ribbon,B17Co7.5Fe75.5
Ribbon,Al89Ca11Co0
Ribbon,Hf65Si15V20
Ribbon,C18Co52Cr30
Ribbon,B18Fe23Ni59
Ribbon,Cu60Mg10Nd30
Ribbon,Al85Cu5V10
Ribbon,Si15Ti9Zr76
Ribbon,Hf84Si15V1
Ribbon,Ni80P20Pd0
Ribbon,B19Fe81Pd0
Ribbon,Ge0Pd82Si18
Ribbon,Cu10Mg85Nd5
Ribbon,Cu5Mg85Nd10
Ribbon,Cu30Mg69Y1
Ribbon,Ni59Ru1Ta40
Ribbon,B2.5Cu20Zr77.5
Ribbon,Ge17Nb0Zr83
Ribbon,B14Fe79Si7
Ribbon,B10Co74Zr16
Ribbon,Co60Cr30Zr10
Ribbon,B4Fe90Zr6
Ribbon,Au5Pd78.5Si16.5
Ribbon,B17Co25Fe58
Ribbon,Al0Cu60Ti40
Ribbon,Al75Ni15Y10
Ribbon,C7Fe80P13
Ribbon,Be35Si5Ti60
Ribbon,Al25Ni35Zr40
Ribbon,Al2Ni66Zr32
Ribbon,Cu40La20Mg40
Ribbon,B55C8Ni37
Ribbon,Hf79Si15V6
Ribbon,Si70Ti22Zr8
Ribbon,Al0B26Co74
Ribbon,B16C3Fe81
Ribbon,B28Co64.8Mn7.2
Ribbon,Al27Ni10Zr63
Ribbon,C15Co67.5Si17.5
Ribbon,Hf76Si15V9
Ribbon,B32Co44Mn24
Ribbon,Al20B30Co50
Ribbon,Co82.4Mo8.6Zr9
Ribbon,Cr0Fe80P20
Ribbon,B16Fe33.6Nd50.4
Ribbon,B14Fe71Mn15
Ribbon,B42C12Ni46
Ribbon,Al88Ce2Ni10
Ribbon,Cu2Ni78P20
Ribbon,Nb30Ni60Ta10
Ribbon,Hf47Nb38Si15
Ribbon,B2Cr10Fe88
Ribbon,C2.5Fe80P17.5
Ribbon,Mg45Nd25Ni30
Ribbon,Hf30Si15Zr55
Ribbon,Co77.5Cr16Zr6.5
Ribbon,B17.5Fe66Nd16.5
Ribbon,B18C12Ni70
Ribbon,Co7Ni75P18
Ribbon,Co2Ni78.5P19.5
Ribbon,Al87.5Fe0.5Ni12
Ribbon,B9Co0Fe91
Ribbon,Al85Gd8Ni7
Ribbon,Si35Ti15Zr50
Ribbon,Al20Ni15Zr65
Ribbon,Ag12.5Pd71Si16.5
Ribbon,B26Ni72Si2
Ribbon,B1.5Fe92Zr6.5
Ribbon,B15Co80Si5
Ribbon,Co75W10Zr15
Ribbon,Ag30Mg50Y20
Ribbon,B7Co80P13
Ribbon,Al30Ca70Mg0
Ribbon,Al8B18Fe74
Ribbon,Al30Cu28Y42
Ribbon,Al50Gd50Si0
Ribbon,Ag28Cu30Fe42
Ribbon,Mg75Nd5Ni20
Ribbon,Al11Ni60Zr29
Ribbon,Ag25Mg70Y5
Ribbon,Al91Ce9Co0
Ribbon,Al15Cu35Ti50
Ribbon,Al53La30Ni17
Ribbon,Al87Co2Ni11
Ribbon,Be35Nb10Zr55
Ribbon,Au55Pb22.5Sb22.5
Ribbon,B17Fe81Ga2
Ribbon,Cu15Mg65Nd20
Ribbon,Al80Ni15Zr5
Ribbon,B16Co0Fe84
Ribbon,Cu10Ni50Zr40
Ribbon,Mg60Nd20Ni20
Ribbon,Mn74P3Si23
Ribbon,B14Fe86Nb0
Ribbon,Ag9Cu84P7
Ribbon,Ag10Ce10Cu80
Ribbon,Al0.018Fe89.982Zr10
Ribbon,Cu10Ni70P20
Ribbon,Cu15Pd69Si16
Ribbon,Cu14Pd70.9Si15.1
Ribbon,B15Fe80Ge5
Ribbon,Al90Cu0La10
Ribbon,Cu39Ti21Zr40
Ribbon,Al65Ni15Si20
Ribbon,Al86Ce10Mn4
Ribbon,B17Co66.5Fe16.5
Ribbon,Mg35Nd25Ni40
Ribbon,Al70Ni15Y15
Ribbon,Al88Ni9Y3
Ribbon,Cu20Mg50Nd30
Ribbon,Al87Ni10Zr3
Ribbon,Al87Ni10Y3
Ribbon,Al14Ni4Zr82
Ribbon,Cu25Mg55Nd20
Ribbon,Ni46V30Zr24
Ribbon,C10Fe80P10
Ribbon,Al6Cu86Nd8
Ribbon,Ni40V20Zr40
Ribbon,Al67La16Ni17
Ribbon,B8Fe79P13
Ribbon,Ca3Cu37.5La59.5
Ribbon,Al16B14Fe70
Ribbon,Al20B26Co54
Ribbon,B17Co62Fe21
Ribbon,Al0B13Fe87
Ribbon,C18Co38Cr44
Ribbon,Al22Ni50Zr28
Ribbon,B14.5Fe78Si7.5
Ribbon,Co80Mo9.5Zr10.5
Ribbon,B12Fe83P5
Ribbon,Hf82Si15V3
Ribbon,Co33Hf67Si0
Ribbon,Al88La10Ni2
Ribbon,Mg20Ni40Y40
Ribbon,Ag8.9Cu83.5P7.6
Ribbon,Ca25Cu30Mg45
Ribbon,Au0Pd84Si16
Ribbon,B32Co54.5Mn13.5
Ribbon,Ni45V25Zr30
Ribbon,Fe10Ni29.7Zr60.3
Ribbon,Nb0Ni90Ta10
Ribbon,Al1Ni16Zr83
Ribbon,B30C12Ni58
Ribbon,Al90Ce5Fe5
Ribbon,Si40Ti20Zr40
Ribbon,Be37Si0Ti63
Ribbon,Al79Ni16Zr5
Ribbon,Fe80P9.5Si10.5
Ribbon,Cu20La40Mg40
Ribbon,Ce10Cu25Mg65
Ribbon,B20Mo24Rh56
Ribbon,Ca60Ga30Mg10
Ribbon,Al92Ce8Cr0
Ribbon,Al66Ni26Zr8
Ribbon,Si15Ti70Zr15
Ribbon,Ni20Pd60Si20
Ribbon,Al55Cr15Si30
Ribbon,Si60Ti15Zr25
Ribbon,Mg70Nd20Ni10
Ribbon,B7Fe83P10
Ribbon,Co79.2V10.6Zr10.2
Ribbon,B0Fe30Zr70
Ribbon,B12Co88Mn0
Ribbon,Al20B38Co42
Ribbon,Fe12Si16Ti72
Ribbon,B32Co54Mn14
Ribbon,Al4B30Ni66
Ribbon,C12.5Co67.5Si20
Ribbon,B25Co67.5Cr7.5
Ribbon,B20Fe72Mo8
Ribbon,B19Fe20.5Ni60.5
Ribbon,Al8B34Ni58
Ribbon,B12.5Co80Si7.5
Ribbon,B16.5Fe82Sn1.5
Ribbon,Cu12Pd66Si22
Ribbon,Al88.5Fe3Ni8.5
Ribbon,B17Cu1.5Fe81.5
Ribbon,B17Co22Fe61
Ribbon,Au12.5Pd71Si16.5
Ribbon,Nb30Si17.5Ti52.5
Ribbon,Cu35Fe5Ti60
Ribbon,Ce10Cu15Mg75
Ribbon,Cr0.5Pd79.5Si20
Ribbon,Fe89.964V0.036Zr10
Ribbon,Be20Si10Ti70
Ribbon,B19Fe61Ni20
Ribbon,Al88Ce10Mn2
Ribbon,Al0Fe80P20
Ribbon,Al63Fe12Si25
Ribbon,Fe80P14Si6
Ribbon,Al25Ni25Ti50
Ribbon,Fe54Ni36Zr10
Ribbon,B10Fe82Mo8
Ribbon,Al88Ce12Cr0
Ribbon,B14Fe66Ni20
Ribbon,Al88Mn1Ni11
Ribbon,Ba8Cu40La52
Ribbon,B10Fe80Ge10
Ribbon,B10Fe80Mo10
Ribbon,Si5Ti20Zr75
Ribbon,Al10Mg70Zn20
Ribbon,Au4Pd81Si15
Ribbon,Al80Ce5Cu15
Ribbon,Cu10Ni20Zr70
Ribbon,Co7Ni72P21
Ribbon,Al87Gd7Ni6
Ribbon,B16Fe84Ho0
Ribbon,Al86Ni0Sm14
Ribbon,Dy88Fe2Zr10
Ribbon,Al5La83Ni12
Ribbon,Ag45Ce4Cu51
Ribbon,B20Co20Mn60
Ribbon,Mn0Pd80Si20
Ribbon,Ni16Si20Ti64
Ribbon,Al25Nd55Ni20
Ribbon,Mg20Nd60Ni20
Ribbon,Al82Ni14Zr4
Ribbon,Al87Gd5Ni8
Ribbon,Al20Ni28.8Zr51.2
Ribbon,Al4La36Ni60
Ribbon,Ag30Ce10Cu60
Ribbon,B7.5Mo70Si22.5
Ribbon,Al75Nd15Ni10
Ribbon,Cu20.9Pd62.6Si16.5
Ribbon,Al92Ce8Nb0
Ribbon,Al0Cu75Ti25
Ribbon,Co66Cr18Zr16
Ribbon,Cr24Fe56.5P19.5
Ribbon,B16Fe69V15
Ribbon,Cu2Ni80P18
Ribbon,B19Fe81Si0
Ribbon,B12Fe70Si18
Ribbon,Al28Ni12Zr60
Ribbon,Al25Ni5Zr70
Ribbon,B17Ni66.5W16.5
Ribbon,B7Fe78Si15
Ribbon,Al30Cu40La30
Ribbon,Cu4Ni74P22
Ribbon,B5Cu20Zr75
Ribbon,B12Co49Mn39
Ribbon,Nb20Si15Ti65
Ribbon,Al84Nd12Ni4
Ribbon,Ag50Ce10Cu40
Ribbon,Ca3Cu28.5La68.5
Ribbon,B16.7Ni81.5P1.8
Ribbon,Al1La49Ni50
Ribbon,B18Cr20Fe62
Ribbon,Au9Cu21Mg70
Ribbon,B14.5Fe81.5Si4
Ribbon,Al80Nd4Ni16
Ribbon,Cr15Ni45Zr40
Ribbon,Al25Cu35Ti40
Ribbon,Al40La18Ni42
Ribbon,Co71V14Zr15
Ribbon,Fe25Ni24.75Zr50.25
Ribbon,Si0Ti20Zr80
Ribbon,C20Co68Mo12
Ribbon,B10Fe79P11
Ribbon,Mg65Nd15Ni20
Ribbon,B4Ni36Zr60
Ribbon,Al25B0Tb75
Ribbon,Mg80Nd0Ni20
Ribbon,Al84Nd2Ni14
Ribbon,Nb15Si17.5Ti67.5
Ribbon,Si10Ti10Zr80
Ribbon,Cu35Hf45Ni20
Ribbon,Si30Ti8Zr62
Ribbon,Ag40Ce4Cu56
Ribbon,Ce0Mg85Ni15
Ribbon,Pd79.3Rh4.2Si16.5
Ribbon,Cu40Fe10Ti50
Ribbon,Cr15Ni65P20
Ribbon,Al15Ni10Zr75
Ribbon,Co80W4Zr16
Ribbon,Cu10Hf50Ni40
Ribbon,Al8Ni8Zr84
Ribbon,Al30Cu35La35
Ribbon,Cu30Mg70Nd0
Ribbon,B16Fe76Mo8
Ribbon,Cu37La61.5Sr1.5
Ribbon,Cu3.5Pd80Si16.5
Ribbon,C16Mo24Ni60
Ribbon,B11Cr27Fe62
Ribbon,Al20B26Ni54
Ribbon,Al16B30Co54
Ribbon,B16Cr10Fe74
Ribbon,C15Fe75P10
Ribbon,Al65Nd15Ni20
Ribbon,Co5Mn85Zr10
Ribbon,Ni37.5P25Pt37.5
Ribbon,B20Cr1Fe79
Ribbon,Ru0Si15Zr85
Ribbon,Cu20Ni20Ti60
Ribbon,B14Cr26Fe60
Ribbon,Ir1Nb40Ni59
Ribbon,B12Ni76Si12
Ribbon,B24Co45.5Mn30.5
Ribbon,Ni48Si20Ti32
Ribbon,B17Fe33Ni50
Ribbon,Nb70Si15Ti15
Ribbon,Co3.5Ni75.5P21
Ribbon,Cu60Fe0Zr40
Ribbon,Cu20Ni50Zr30
Ribbon,Si20Ti15Zr65
Ribbon,Al35Ni35Zr30
Ribbon,Si15Ti75Zr10
Ribbon,Fe5Ni75P20
Ribbon,Al83Gd9Ni8
Ribbon,C16Co70W14
Ribbon,Al8Ga16Mg76
Ribbon,B20Co50Fe30
Ribbon,B2.5Cu35Zr62.5
Ribbon,Nb75Si20Ta5
Ribbon,B8Fe81P11
Ribbon,Al40Gd60Si0
Ribbon,Co10Ni29.7Zr60.3
Ribbon,Cu30Ni40Zr30
Ribbon,Si20Ti75V5
Ribbon,Nb79Si20Zr1
Ribbon,C16Mo20Ni64
Ribbon,Al36La18Ni46
Ribbon,Mg89Mn6Y5
Ribbon,B28Co32Mn40
Ribbon,La10Mg70Zn20
Ribbon,Mg40Nd25Ni35
Ribbon,Al75Cu20V5
Ribbon,Al78Fe10Ge12
Ribbon,B20C8Co72
Ribbon,B0Fe60Nd40
Ribbon,Al0La48Ni52
Ribbon,Ca60Ga10Mg30
Ribbon,Al68Ni24Zr8
Ribbon,Al66Ni10Si24
Ribbon,Be30Nb0Zr70
Ribbon,Co67.5Cr16Zr16.5
Ribbon,B25Fe75Ni0
Ribbon,Ag1.7Pd81.8Si16.5
Ribbon,Ce15Cu15Mg70
Ribbon,Al80Ce5Ni15
Ribbon,Cu10Mg80Nd10
Ribbon,Cu25Hf50Ni25
Ribbon,Cu20Ni10Zr70
Ribbon,B25Co70Fe5
Ribbon,Cr26Fe59.5P14.5
Ribbon,B20Co28.5Mn51.5
Ribbon,Fe24Hf22.8Zr53.2
Ribbon,Al69La14Ni17
Ribbon,Fe84La6Zr10
Ribbon,B12Fe79P9
Ribbon,B12Co61Mn27
Ribbon,Ni55Si5Ti40
Ribbon,Mo15Nb65Si20
Ribbon,Co79.5Mo10Zr10.5
Ribbon,B8C9Fe83
Ribbon,Si80Ti20Zr0
Ribbon,Cu30La30Mg40
Ribbon,B22Fe19.5Ni58.5
Ribbon,Ni72P20Pd8
Ribbon,B14Fe86Ti0
Ribbon,B2Ni38Zr60
Ribbon,B22.5Ni70Si7.5
Ribbon,Al22.5Fe67.5Zr10
Ribbon,Nb80Si20Ta0
Ribbon,B13Fe82Si5
Ribbon,Al55La37Ni8
Ribbon,Al60Ge30Ni10
Ribbon,Al20Cu60Ti20
Ribbon,Ca70Cu10Mg20
Ribbon,B20Co68Ti12
Ribbon,Ni33Ti0Zr67
Ribbon,B16Fe81La3
Ribbon,B14Cr14Fe72
Ribbon,C18Co72Mo10
Ribbon,B9Fe81P10
Ribbon,Co3.5Ni78.5P18
Ribbon,B5Cu35Zr60
Ribbon,Fe36Ni54Zr10
Ribbon,Hf50Si15V35
Ribbon,Al88Nd6Ni6
Ribbon,B17Co1Fe82
Ribbon,Au77Ge14Si9
Ribbon,Ni20Si10Ti70
Ribbon,B6Fe81P13
Ribbon,Cr30Ni51P19
Ribbon,C17.5Ni67.5Si15
Ribbon,Co67.5V18Zr14.5
Ribbon,B18Cu0Fe82
Ribbon,Al81Nd9Ni10
Ribbon,B12Co68Mn20
Ribbon,Co79Cr10.6Zr10.4
Ribbon,Cu5.7Pd73.8Si20.5
Ribbon,Ni33Ti67Zr0
Ribbon,Co24Hf67Si9
Ribbon,Hf40Nb45Si15
Ribbon,B9Fe6W85
Ribbon,Ni8.2Pd73.8Si18
Ribbon,Co5Ni74P21
Ribbon,B20Co80Ti0
Ribbon,C12.5Fe65Si22.5
Ribbon,B16C4Ni80
Ribbon,Cu10Ni30Zr60
Ribbon,Hf62Si15V23
Ribbon,B16Fe77Hf7
Ribbon,Al35Ni20Zr45
Ribbon,Al93Ce7V0
Ribbon,Al11Ni6Zr83
Ribbon,Al55Mn20Si25
Ribbon,Cu30La0Mg70
Ribbon,Fe80P15Si5
Ribbon,Al20Cu30Ti50
Ribbon,Al87Ce8Co5
Ribbon,Fe6.7Pd76.8Si16.5
Ribbon,C20Co52Mo28
Ribbon,Cu10Ni20Ti70
Ribbon,Al57Ge25Mn18
Ribbon,Ni35Pd48.5Si16.5
Ribbon,Fe13.2Ni19.8Zr67
Ribbon,Fe71Mn12P17
Ribbon,Cr0Fe90Zr10
Ribbon,B2Co88Zr10
Ribbon,B16Fe77Zr7
Ribbon,B15Fe79P6
Ribbon,Cu9Pd75Si16
Ribbon,Ni35Si10Ti55
Ribbon,B20C16Co64
Ribbon,Mn5Pd75Si20
Ribbon,Cu30Ni30Ti40
Ribbon,Co70.6Gd14Mo15.4
Ribbon,Cu30La40Mg30
Ribbon,Mg70Nd10Ni20
Ribbon,B24Co28Mn48
Ribbon,B14Fe83Ni3
Ribbon,B20Fe75Ni5
Ribbon,B20Cr15Fe65
Ribbon,Al11La27Ni62
Ribbon,Fe90Ni0Zr10
Ribbon,Mn25Ni24.75Zr50.25
Ribbon,Ag10Mg60Y30
Ribbon,Si60Ti24Zr16
Ribbon,B2Fe91Hf7
Ribbon,Ni62P18Ta20
Ribbon,Co75Cr18Zr7
Ribbon,Hf66Si15V19
Ribbon,Hf64Si15V21
Ribbon,B17Ni70.5W12.5
Ribbon,Cu20La5Mg75
Ribbon,Co86.5V6Zr7.5
Ribbon,Co80V4Zr16
Ribbon,Al10Ni36Ti54
Ribbon,Ag30Cu30Fe40
Ribbon,B16Fe79P5
Ribbon,Co75V18Zr7
Ribbon,Al25La55Pt20
Ribbon,B28Co51Mn21
Ribbon,B20Fe77Mo3
Ribbon,B10C5Fe85
Ribbon,B17Co10Fe73
Ribbon,B26C14Ni60
Ribbon,Co54Fe36Zr10
Ribbon,Cu57Hf23Nb20
Ribbon,B34Co66Ni0
Ribbon,Co84.8Mo10Zr5.2
Ribbon,B18.5Fe81.5Nd0
Ribbon,B13.5Co76.5Ti10
Ribbon,Al10Ni15Zr75
Ribbon,Ni15Si10Ti75
Ribbon,Al75Mo5Ni20
Ribbon,Ca60Ga0Mg40
Ribbon,Al85Nd10Ni5
Ribbon,Al92Ce6Nb2
Ribbon,B34C12Ni54
Ribbon,B16Co68Si16
Ribbon,Al91Ce5Ni4
Ribbon,Fe1.7Pd81.8Si16.5
Ribbon,B40C8Ni52
Ribbon,Au6Pd77.5Si16.5
Ribbon,B8Fe83P9
Ribbon,Cu56.4Nb1Ti42.6
Ribbon,B10Fe75Mo15
Ribbon,Ge15Mo20Zr65
Ribbon,Si20Ti70V10
Ribbon,Cu30Mg70Y0
Ribbon,Ag5Pd79Si16
Ribbon,Co1.7Pd81.8Si16.5
Ribbon,Cu70Ti0Zr30
Ribbon,B26C12Ni62
Ribbon,Co79Mo16Zr5
Ribbon,Al55Cu35V10
Ribbon,Ni33V0Zr67
Ribbon,B17Fe66.4Ni16.6
Ribbon,Al10Ni40Ti50
Ribbon,Ni20Si5Ti75
Ribbon,Al86Nd4Ni10
Ribbon,Hf72Nb13Si15
Ribbon,Al87Ni0Y13
Ribbon,Al10Ni30Zr60
Ribbon,Ge15Ti20Zr65
Ribbon,Si75Ti20Zr5
Ribbon,Al80Ce10Cu10
Ribbon,B20Co76Ti4
Ribbon,B7.5Cu30Zr62.5
Ribbon,Cu30La57.5Sr12.5
Ribbon,B10Si20W70
Ribbon,Mg60Nd30Ni10
Ribbon,Hf0Si15Zr85
Ribbon,B18Fe40Ni42
Ribbon,Al0Si17Zr83
Ribbon,Cr2Fe78P20
Ribbon,Al0Ni65Zr35
Ribbon,La5Mg70Zn25
Ribbon,Al72La2Ni26
Ribbon,B28Co43.2Mn28.8
Ribbon,Al90Ni5Sm5
Ribbon,Ni35Si20Ti45
Ribbon,Si15Ta10Ti75
Ribbon,Mg60Nd10Ni30
Ribbon,Al4B30Co66
Ribbon,Al15Ni50Zr35
Ribbon,Ag6Pd77.5Si16.5
Ribbon,B14Fe86V0
Ribbon,Co82Cr12Zr6
Ribbon,Hf63Nb22Si15
Ribbon,Al20Ni20Ti60
Ribbon,B10Fe85Nb5
Ribbon,Ni72P18Ta10
Ribbon,Cu50Mg20Nd30
Ribbon,Cu60Ni10Ti30
Ribbon,Al80Ce5Co15
Ribbon,B16Fe80.64Ti3.36
Ribbon,Ag35Ce6Cu59
Ribbon,Ni25Si10Ti65
Ribbon,Al65La18Ni17
Ribbon,Au6.7Pd76.8Si16.5
Ribbon,Ni59Pd1Zr40
Ribbon,B19.5Cr24.5Fe56
Ribbon,Si15Ti0Zr85
Ribbon,Si50Ti15Zr35
Ribbon,B14C5Fe81
Ribbon,Mo30Nb50Si20
Ribbon,B17Mo73Si10
Ribbon,Al0B38Co62
Ribbon,Al70Ni20Sm10
Ribbon,B28Co37Mn35
Ribbon,Al75Fe14Ni11
Ribbon,Al55Gd45Si0
Ribbon,Au0Cu30Mg70
Ribbon,B20C16Ni64
Ribbon,Al10Ni20Zr70
Ribbon,Al20B30Ni50
Ribbon,Ag10.5Cu81.5P8
Ribbon,B9C11Fe80
Ribbon,Co83.5V10Zr6.5
Ribbon,B10C10Fe80
Ribbon,Hf54Nb31Si15
Ribbon,Cu27La69Sr4
Ribbon,B17C3Fe80
Ribbon,Al38Cr10Ge52
Ribbon,Fe74P17V9
Ribbon,Al15Cu50Ti35
Ribbon,C18Cr30Fe52
Ribbon,B14Fe78Mo8
Ribbon,B24Co27Mn49
Ribbon,Ni29.7V10Zr60.3
Ribbon,B14Fe83P3
Ribbon,Cr33Ni0.05Zr66.95
Ribbon,B2.5Fe92Zr5.5
Ribbon,Al60Ge30V10
Ribbon,Al9Ni62Zr29
Ribbon,B12Co68Ti20
Ribbon,B4Pd80Si16
Ribbon,Co74W13Zr13
Ribbon,Hf67Nb18Si15
Ribbon,Al4B26Co70
Ribbon,Al89Ca11Fe0
Ribbon,Al93Ce7Nb0
Ribbon,Al60Ge25V15
Ribbon,Hf71Si15V14
Ribbon,Al17La24Ni59
Ribbon,Al91Ce9Cu0
Ribbon,Au7Pd73Si20
Ribbon,Ni29.7Ti10Zr60.3
Ribbon,B14.8Ni81.5P3.7
Ribbon,Al89Ca11Zn0
Ribbon,C15Fe70Si15
Ribbon,B34C10Ni56
Ribbon,Ni50P0Pd50
Ribbon,Cu40Hf40Ni20
Ribbon,Ni0P19Pd81
Ribbon,Si15Sn0Zr85
Ribbon,Al90Nd8Ni2
Ribbon,Cu51.3Nb10Ti38.7
Ribbon,B17.5Fe82.5Nd0
Ribbon,Al75Mo10Ni15
Ribbon,B12Fe83Mo5
Ribbon,Fe25Sc75Zr0
Ribbon,Al55Mn10Si35
Ribbon,Al92Ce8Ni0
Ribbon,B14Co80Si6
Ribbon,Fe13Pd67Si20
Ribbon,Ni22V20Zr58
Ribbon,Fe80P16Si4
Ribbon,B32C4Co64
Ribbon,Mo12Ni69P19
Ribbon,Al62Ni20Zr18
Ribbon,Cr50Ni30P20
Ribbon,Al16B34Co50
Ribbon,B6Fe87Hf7
Ribbon,Co72.5Cr10Zr17.5
Ribbon,Au22.5B10Pr67.5
Ribbon,Al88La6Ni6
Ribbon,Al25Ni10Zr65
Ribbon,B17Fe77Ga6
Ribbon,B10Fe81P9
Ribbon,Mg60Nd25Ni15
Ribbon,Al62Ge25Ni13
Ribbon,B29C0Co71
Ribbon,Cr5Pd75Si20
Ribbon,B12Cr24Fe64
Ribbon,Al74La2Ni24
Ribbon,Co33Ni0.05Zr66.95
Ribbon,B15Cr4Fe81
Ribbon,B1.8Ni81.5P16.7
Ribbon,B16C4Fe80
Ribbon,Ge21Pd79Si0
Ribbon,B12Cr10Fe78
Ribbon,Nb60Si20Zr20
Ribbon,Al4Ni12Zr84
Ribbon,Co69Cr14Zr17
Ribbon,B20Fe29.5Ni50.5
Ribbon,Al5Cu30Zr65
Ribbon,B20Cr2.5Fe77.5
Ribbon,Al10La86Ni4
Ribbon,B20Co57Mn23
Ribbon,B10Fe80Ni10
Ribbon,B12Cr22Fe66
Ribbon,Al25Au20La55
Ribbon,Al8B30Ni62
Ribbon,Ag20Mg30Y50
Ribbon,Mg55Nd10Ni35
Ribbon,B21Fe72Si7
Ribbon,Mg40Nd35Ni25
Ribbon,Co30Pd5Zr65
Ribbon,B14Fe84Si2
Ribbon,Al85Nd2Ni13
Ribbon,Ca1Cu37.5La61.5
Ribbon,Si15Ta10Zr75
Ribbon,B14Fe76Mo10
Ribbon,B20Co70Zr10
Ribbon,B20Cr30Ni50
Ribbon,Co73Gd12.9Mo14.1
Ribbon,Al78Co10Ge12
Ribbon,B24Co46.5Mn29.5
Ribbon,B10Co77Nb13
Ribbon,Si5Ti23Zr72
Ribbon,B12Cr20Fe68
Ribbon,Be40Si0Ti60
Ribbon,Al91Ca9Co0
Ribbon,Ce5Cu20Mg75
Ribbon,B24Co68Ti8
Ribbon,Al0Mg70Zn30
Ribbon,Ge1Nb80Si19
Ribbon,C20Co44Cr36
Ribbon,Cu60Hf40Ni0
Ribbon,B24Co49.4Mn26.6
Ribbon,B4Cr10Fe86
Ribbon,Al55Cu40Ti5
Ribbon,Al69Ge25V6
Ribbon,Fe24Hf7.6Zr68.4
Ribbon,Cu25Mg70Nd5
Ribbon,Cu37La48Sr15
Ribbon,B20Ni68Si12
Ribbon,B40C2Ni58
Ribbon,Al52Ni23Si25
Ribbon,Al15Fe15Zr70
Ribbon,B20Fe79Mo1
Ribbon,Al74Nd10Ni16
Ribbon,Al58Cr17Si25
Ribbon,Al60Cr10Si30
Ribbon,Al5Mg50Zn45
Ribbon,Al57Co18Ge25
Ribbon,B38C14Ni48
Ribbon,Al8Ce8Cu84
Ribbon,B15Fe78Si7
Ribbon,Al12B26Co62
Ribbon,B6Fe22.6Zr71.4
Ribbon,Hf61Nb24Si15
Ribbon,Ni16P20Pt64
Ribbon,Ni42.5P15Pd42.5
Ribbon,Al88Ce10Fe2
Ribbon,B9Fe6Ni85
Ribbon,Al0Cu35Ti65
Ribbon,Nb0Ni65Ta35
Ribbon,B12Cr15Fe73
Ribbon,C18Co70Mo12
Ribbon,Si45Ti25Zr30
Ribbon,B17Fe79.5Si3.5
Ribbon,Mg65Nd25Ni10
Ribbon,Al87Ce8Fe5
Ribbon,Al90Nd4Ni6
Ribbon,B38C10Ni52
Ribbon,Nb30Si17Zr53
Ribbon,Cu45Ni10Ti45
Ribbon,Ca0Cu27La73
Ribbon,Hf50Nb35Si15
Ribbon,Cr20Fe70Zr10
Ribbon,Al65Mo5Ni30
Ribbon,Al10Ce8Cu82
Ribbon,Ni24P2Zr74
Ribbon,Fe89.982V0.018Zr10
Ribbon,Mg84Mn6Y10
Ribbon,Al25Ni45Zr30
Ribbon,Fe33Ni0.15Zr66.85
Ribbon,Al30Ni25Zr45
Ribbon,B55C16Ni29
Ribbon,Hf80Si15V5
Ribbon,B14Fe66Mo20
Ribbon,Fe61.7Si7.5Tb30.8
Ribbon,Cu20Mg75Nd5
Ribbon,Mo32P20Ru48
Ribbon,Fe24Hf15.2Zr60.8
Ribbon,Al16B22Ni62
Ribbon,Ni37.5P25Pd37.5
Ribbon,Nb70Si20V10
Ribbon,Al90Ce3Fe7
Ribbon,B24Co49.5Mn26.5
Ribbon,Cu0Ni80P20
Ribbon,Cu6.7Pd76.8Si16.5
Ribbon,Nb68Si17Ti15
Ribbon,Fe1Ni79P20
Ribbon,B28Co47Mn25
Ribbon,Ce0Cu20Mg80
Ribbon,C20Fe66W14
Ribbon,B12C9Fe79
Ribbon,Cu20La10Mg70
Ribbon,Al88Gd12Ni0
Ribbon,Al90Ce10Nb0
Ribbon,B25Fe56Ni19
Ribbon,Fe10Si15Zr75
Ribbon,Cu20Ni40Zr40
Ribbon,Al0.09Fe89.91Zr10
Ribbon,B26C6Ni68
Ribbon,Co81.5V12Zr6.5
Ribbon,B28.5Fe53.5Ni18
Ribbon,Al30Cu15La55
Ribbon,B10Cr26Fe64
Ribbon,Hf81Si15V4
Ribbon,Be35Nb0Zr65
Ribbon,C4.5Fe80.5P15
Ribbon,B25Fe5Mo70
Ribbon,Cu0Hf40Ni60
Ribbon,B12Fe83V5
Ribbon,Al25La55Zn20
Ribbon,B12Ni74P14
Ribbon,Al75La13Ni12
Ribbon,B17Co77Fe6
Ribbon,Cu42.7Nb25Zr32.3
Ribbon,Co68.6Mo16Zr15.4
Ribbon,Ni43.4Pd40.1Si16.5
Ribbon,Mo10Nb70Si20
Ribbon,B1Cu70Zr29
Ribbon,Al80Mo5Ni15
Ribbon,B19Fe81Sn0
Ribbon,C18Cr36Fe46
Ribbon,Cu31La55Sr14
Ribbon,Cu20Hf30Ni50
Ribbon,Co81Cr2Zr17
Ribbon,Al78Ni12Zr10
Ribbon,B10Fe72Mo18
Ribbon,Co0Ni33Zr67
Ribbon,Al25Cu35La40
Ribbon,Au22.5B10Gd67.5
Ribbon,Co84Cr10Zr6
Ribbon,Ge0Nb77Si23
Ribbon,Co67.5Fe22.5Zr10
Ribbon,Al92Ce8Cu0
Ribbon,Al65Cu25V10
Ribbon,Ni20Si15Ti65
Ribbon,Cu73Ni11P16
Ribbon,B20Fe62Mn18
Ribbon,Co5Ni77P18
Ribbon,B22Co62Ti16
Ribbon,Al25Fe20La55
Ribbon,Al81Ni10Zr9
Ribbon,Cr15Ni35Zr50
Ribbon,Al3La83Ni14
Ribbon,B14Fe76Ni10
Ribbon,Hf55Si15Zr30
Ribbon,Al75Ce10Cu15
Ribbon,B24Co54Mn22
Ribbon,Hf56Si15V29
Ribbon,Al5Ni15Zr80
Ribbon,B38C12Ni50
Ribbon,B20C0Fe80
Ribbon,Cu40Ni10Zr50
Ribbon,Co85Si5Zr10
Ribbon,Ag5Mg80Y15
Ribbon,Al92Ce8Co0
Ribbon,C22Co58Mo20
Ribbon,Al57Ge25V18
Ribbon,Al55La28Ni17
Ribbon,Cu15Hf55Ni30
Ribbon,Mo20Nb60Si20
Ribbon,Fe33Ni0.2Zr66.8
Ribbon,Al20Ni40Ti40
Ribbon,B35Co65Cr0
Ribbon,Cu33Ni0.2Zr66.8
Ribbon,Cu20Ni10Ti70
Ribbon,Al4B22Ni74
Ribbon,Ge8Nb78Si14
Ribbon,Co80Ni10Zr10
Ribbon,Al82Ni5Y13
Ribbon,Al55Ni25Y20
Ribbon,C16Co56Mo28
Ribbon,Al0Si15Zr85
Ribbon,Si80Ti14Zr6
Ribbon,Cr33Ni0.15Zr66.85
Ribbon,B13.5Co73Si13.5
Ribbon,Al0B22Fe78
Ribbon,Hf55Nb30Si15
Ribbon,Ni64Si20Ti16
Ribbon,B17.5Fe70.125Nd12.375
Ribbon,Au0Pd83.5Si16.5
Ribbon,Al91Ce9Mn0
Ribbon,Hf41Nb44Si15
Ribbon,Al16B18Fe66
Ribbon,Ni29V20Zr51
Ribbon,Al64La8Ni28
Ribbon,Cu61.6Ni18.4P20
Ribbon,Al85Mo3Ni12
Ribbon,B10Fe78Nb12
Ribbon,B13Fe80P7
Ribbon,Si15Ti70V15
Ribbon,Al85Ce10Cr5
Ribbon,Mg40Nd30Ni30
Ribbon,B17Fe20Zr63
Ribbon,B20Fe75Mn5
Ribbon,Hf74Nb11Si15
Ribbon,B18Ni76Si6
Ribbon,B14Fe83Mn3
Ribbon,B10Ni80P10
Ribbon,Al82Nd6Ni12
Ribbon,B14Fe76V10
Ribbon,B2Ni81.5P16.5
Ribbon,Ni22.5P25Pt52.5
Ribbon,B2Co84Nb14
Ribbon,Cu50Hf50Ni0
Ribbon,Al61Cr10Ge29
Ribbon,Co20Ni26.4Zr53.6
Ribbon,Mg87Mn8Y5
Ribbon,B30Co70Mn0
Ribbon,Al88Ni0Sm12
Ribbon,Mg70Sn6Zn24
Ribbon,Fe10Pd73.5Si16.5
Ribbon,B10Fe83Ti7
Ribbon,Al60Cr15Si25
Ribbon,B17Co2Fe81
Ribbon,Cu25Ni20Zr55
Ribbon,Cu50Hf20Ni30
Ribbon,C12Mo24Ni64
Ribbon,Al87Ni3Y10
Ribbon,Cu40Mg59Y1
Ribbon,Cr6Fe74P20
Ribbon,Cr4Pd76Si20
Ribbon,B6Fe83P11
Ribbon,B14Fe86Zr0
Ribbon,B19Fe77Nd4
Ribbon,Mg65Nd20Ni15
Ribbon,Cu54.1Nb5Ti40.9
Ribbon,Ge15V10Zr75
Ribbon,Co77Mo18Zr5
Ribbon,Co27Fe63Zr10
Ribbon,B16Co65.5Mn18.5
Ribbon,Ni4.2Pd79.3Si16.5
Ribbon,Al20B34Fe46
Ribbon,B22C12Ni66
Ribbon,Pd81.8Rh1.7Si16.5
Ribbon,B0Fe80P20
Ribbon,Co82.2W6.6Zr11.2
Ribbon,Ni24P20Pd56
Ribbon,Al12B22Ni66
Ribbon,Co6.7Pd76.8Si16.5
Ribbon,Al16B34Ni50
Ribbon,Al20Ni30Zr50
Ribbon,Nb25Si17.5Ti57.5
Ribbon,Hf42Nb43Si15
Ribbon,Ba2Cu39La59
Ribbon,Cu5.9Pd75.6Si18.5
Ribbon,Al28La18Ni54
Ribbon,Al0Ni33Ti67
Ribbon,Ni38.5P23Pd38.5
Ribbon,Ni10Si15Ti75
Ribbon,Fe12.5Pd71Si16.5
Ribbon,Ge0Pd80Si20
Ribbon,Mg86.5Mn6Y7.5
Ribbon,Al20B18Ni62
Ribbon,Al15La26Ni59
Ribbon,Hf65Nb20Si15
Ribbon,Cu20Mg80Nd0
Ribbon,B28C8Co64
Ribbon,B12Fe81Hf7
Ribbon,Al92Ce8Mn0
Ribbon,B10Fe78Mo12
Ribbon,Ag30Mg30Y40
Ribbon,B22C14Ni64
Ribbon,B0Fe50Nd50
Ribbon,B14Fe61Ni25
Ribbon,Co78V6Zr16
Ribbon,Mg91Mn4Y5
Ribbon,B18Fe62Ni20
Ribbon,Si13Sn0Zr87
Ribbon,Ni48P20Pt32
Ribbon,Cr15Ni25Zr60
Ribbon,Al93Ce7Mn0
Ribbon,B14Fe81Mo5
Ribbon,Co72.8Gd19.4Mo7.8
Ribbon,Ni1.7Pd81.8Si16.5
Ribbon,Al89Ni0Y11
Ribbon,B22Fe75Si3
Ribbon,B24C8Co68
Ribbon,B19Fe77Mn4
Ribbon,Ag45Al20Mg35
Ribbon,Cu39.9Nb30Zr30.1
Ribbon,B28Co36Mn36
Ribbon,Al68La4Ni28
Ribbon,B32C2Co66
Ribbon,Co80Cr14Zr6
Ribbon,Ag30Mg40Y30
Ribbon,Ca1.5Cu27.5La71
Ribbon,Cu30La10Mg60
Ribbon,Al12Ce8Cu80
Ribbon,Ba1Cu38La61
Ribbon,Cu32.5La52.5Sr15
Ribbon,B20Be0Fe80
Ribbon,Al91Ca9Cu0
Ribbon,Al60Ge30Mn10
Ribbon,B27.5Co65Si7.5
Ribbon,Au5Pd77Si18
Ribbon,La8Mg72Zn20
Ribbon,Al0Fe90Zr10
Ribbon,B14Fe86Ta0
Ribbon,Co74.8Mo20Zr5.2
Ribbon,Al92La8Ni0
Ribbon,Al33Ni38Zr29
Ribbon,Cu55Fe5Zr40
Ribbon,Ag0Pd82Si18
Ribbon,Al5Co85Zr10
Ribbon,Ag40Ce10Cu50
Ribbon,B17Ni68Si15
Ribbon,Co90Si0Zr10
Ribbon,Al53La37Ni10
Ribbon,C20Co40Cr40
Ribbon,Mo0Si15Zr85
Ribbon,Al4B18Ni78
Ribbon,Co90V0Zr10
Ribbon,Al79La13Ni8
Ribbon,B2.5Cu45Zr52.5
Ribbon,Cu5.9Pd76.6Si17.5
Ribbon,B10Cr24Fe66
Ribbon,Al12B34Co54
Ribbon,Al2Ni88Zr10
Ribbon,Fe90Sc10Zr0
Ribbon,Mg55Nd20Ni25
Ribbon,Hf48Nb37Si15
Ribbon,Au15Pd68.5Si16.5
Ribbon,B0Fe67Nd33
Ribbon,Ca6Cu31La63
Ribbon,B27Fe18.5Ni54.5
Ribbon,Al90Ca10Zn0
Ribbon,Hf67Si15V18
Ribbon,Al8B30Co62
Ribbon,Cu42.7Hf32.3Nb25
Ribbon,B17Ni70Ta13
Ribbon,Al74Ni14Zr12
Ribbon,Cu36La47Sr17
Ribbon,B17Mo12.5Ni70.5
Ribbon,Al84La2Ni14
Ribbon,Cu8Ni70P22
Ribbon,B25.5Ni66Si8.5
Ribbon,Si35Ti8Zr57
Ribbon,Al85Mo5Ni10
Ribbon,Si5Ti12Zr83
Ribbon,Co72.8V12Zr15.2
Ribbon,Al52Ge38V10
Ribbon,Co84Cr0Zr16
Ribbon,Nb65Si20V15
Ribbon,B6Fe82Nd12
Ribbon,C22Co62Mo16
Ribbon,Si15Ta40Zr45
Ribbon,Fe20Ni26.4Zr53.6
Ribbon,Si15V20Zr65
Ribbon,Al15Ni35Zr50
Ribbon,Al79Nd10Ni11
Ribbon,B16Fe74Si10
Ribbon,Co74Mo10Zr16
Ribbon,Ca7.5Cu36La56.5
Ribbon,B18Fe31.5Ni50.5
Ribbon,B32Co48Mn20
Ribbon,Ni10Si10Ti80
Ribbon,Nb75Si15Ti10
Ribbon,B7.8Fe78.2Nd14
Ribbon,Cu45.6Hf34.4Nb20
Ribbon,Be40Ti60Zr0
Ribbon,B14.25Co80.75V5
Ribbon,B17C0Co83
Ribbon,Nb30Si13Zr57
Ribbon,Au12Pd71Si17
Ribbon,Cr10Si15Zr75
Ribbon,B16Co35Mn49
Ribbon,B0Ni81.5P18.5
Ribbon,Au10Pd72Si18
Ribbon,B17Fe83Nb0
Ribbon,Cu30Mg45Nd25
Ribbon,Ni20.9Pd62.6Si16.5
Ribbon,B17Mo14.5Ni68.5
Ribbon,Al80Nd8Ni12
Ribbon,Al89Ni1Sm10
Ribbon,Al80Nd5Ni15
Ribbon,Al86.5Mn2Ni11.5
Ribbon,B18Fe41Ni41
Ribbon,Hf40Si15Zr45
Ribbon,B2.5Cu80Zr17.5
Ribbon,Cr20Ni26.4Zr53.6
Ribbon,Co86.8W8Zr5.2
Ribbon,Co33Ni0.15Zr66.85
Ribbon,Hf80Nb5Si15
Ribbon,Al80Cu10V10
Ribbon,Fe18Ni72Zr10
Ribbon,Al25Co20La55
Ribbon,Al87Mn2.5Ni10.5
Ribbon,Al50La18Ni32
Ribbon,Au18B10Pr72
Ribbon,Al25Ni27Zr48
Ribbon,C9Fe76P15
Ribbon,B10Cu35Zr55
Ribbon,Al30Ni14Zr56
Ribbon,Cu37La59.5Sr3.5
Ribbon,Cu37La58Sr5
Ribbon,Cu30Ni10Zr60
Ribbon,Ag50Mg30Y20
Ribbon,Cu10Hf60Ni30
Ribbon,Ce0Cu40Mg60
Ribbon,B10Fe20Ti70
Ribbon,Al10Cu35Ti55
Ribbon,Co67Mo18Zr15
Ribbon,Al85La6Ni9
Ribbon,Fe80P13Si7
Ribbon,B0Fe50Ni50
Ribbon,B40Co40Y20
Ribbon,Cu28La64.5Sr7.5
Ribbon,Al2La39Ni59
Ribbon,B14Fe43Ni43
Ribbon,Cu57Hf42Nb1
Ribbon,B17Fe80.5Mn2.5
Ribbon,Al59La24Ni17
Ribbon,Al71Cr4Si25
Ribbon,Mg88Mn2Y10
Ribbon,Al85La7.5Zr7.5
Ribbon,B18C16Ni66
Ribbon,B16Co20Mn64
Ribbon,B12Fe78Ni10
Ribbon,Nb25Ni60Ta15
Ribbon,Al15Cu40Ti45
Ribbon,Cu30Mg55Nd15
Ribbon,Cu48.4Nb15Zr36.6
Ribbon,B2.5Cu30Zr67.5
Ribbon,Cu0Ni33Ti67
Ribbon,B5Cu40Zr55
Ribbon,B20Fe76P4
Ribbon,B14Fe71Ni15
Ribbon,Hf77Nb8Si15
Ribbon,B18.5Fe77Nd4.5
Ribbon,B12Fe83Nb5
Ribbon,Al70Mo5Ni25
Ribbon,Co22.5Fe67.5Zr10
Ribbon,Cu0Hf50Ni50
Ribbon,B12Mo78Si10
Ribbon,Mg55Nd30Ni15
Ribbon,B14C7Fe79
Ribbon,Al4B34Ni62
Ribbon,Al90Nd6Ni4
Ribbon,Ca70Cu0Mg30
Ribbon,Al20Cu0La80
Ribbon,B12Fe80Ge8
Ribbon,Al80Cu8Y12
Ribbon,Mn4Pd76Si20
Ribbon,Al6Ce10Cu84
Ribbon,Si15V10Zr75
Ribbon,Ca4Cu37.5La58.5
Ribbon,C18Co46Mo36
Ribbon,B14Cr10Fe76
Ribbon,Al78Ni15Y7
Ribbon,B17Ni80Si3
Ribbon,Ni33Ti0.15Zr66.85
Ribbon,Fe30Ni23.1Zr46.9
Ribbon,Be43Hf25Zr32
Ribbon,B17Fe80.5Ni2.5
Ribbon,Ca60Ga20Mg20
Ribbon,Fe88La2Zr10
Ribbon,Al69Co6Ge25
Ribbon,B20Co32Mn48
Ribbon,Ni50.5V25Zr24.5
Ribbon,Al93Ce7Co0
Ribbon,Al0B40Ni60
Ribbon,Cu6Ni72P22
Ribbon,Si15Ti85Zr0
Ribbon,B4Co86Zr10
Ribbon,Nb30Si16Ti54
Ribbon,Ni5Si15Ti80
Ribbon,Ni40P20Pt40
Ribbon,Al90Ce10Co0
Ribbon,B16Co67.2Mn16.8
Ribbon,B14.75Co70.5Si14.75
Ribbon,Ni30Si5Ti65
Ribbon,Be40Ti0Zr60
Ribbon,Al83Ce7Nb10
Ribbon,B15Mo75Si10
Ribbon,Al0Mg60Zn40
Ribbon,B17Cr2.5Fe80.5
Ribbon,B16Cr14Fe70
Ribbon,Cu10Ni29.7Zr60.3
Ribbon,B21Ni72Si7
Ribbon,Cr7Ni73P20
Ribbon,Be35Nb2.5Zr62.5
Ribbon,C22.5Fe65Si12.5
Ribbon,Al78Ni10Sm12
Ribbon,Cu45Ti20Zr35
Ribbon,Ni45Si15Ti40
Ribbon,Al71Ni4Si25
Ribbon,Al10Ni40Zr50
Ribbon,B28C8Ni64
Ribbon,Al80La2Ni18
Ribbon,Al20Cu32Y48
Ribbon,Cu30Ni15Zr55
Ribbon,Cu70Ni0Ti30
Ribbon,B14Fe81Mn5
Ribbon,B9Fe91Mn0
Ribbon,Al5Ni25Zr70
Ribbon,Ce10Cu10Mg80
Ribbon,La30Mg45Ni25
Ribbon,Nb55Si15Ti30
Ribbon,Ce10Cu20Mg70
Ribbon,Al42Co10Ge48
Ribbon,Al84Nd6Ni10
Ribbon,B1Cu40Zr59
Ribbon,Cu4Ni76P20
Ribbon,B5Cu65Zr30
Ribbon,B5Co85Zr10
Ribbon,Fe60Ni20P20
Ribbon,Al0Co90Zr10
Ribbon,Co75.6Gd8.4Mo16
Ribbon,La7Mg71Zn22
Ribbon,Ni30Si15Ti55
Ribbon,Ni80P0Ta20
Ribbon,Al20Cu15Zr65
Ribbon,B12Fe81Zr7
Ribbon,La4Mg74Zn22
Ribbon,Cu8Ni72P20
Ribbon,Ba8Cu30La62
Ribbon,Al90Nd2Ni8
Ribbon,B15Cr20Fe65
Ribbon,Ag4Pd79.5Si16.5
Ribbon,B12Fe82P6
Ribbon,Mg85Ni5Y10
Ribbon,Cu60Hf20Ni20
Ribbon,B12.5Fe78.5Si9
Ribbon,Ni90P0Ta10
Ribbon,Cr7Pd73Si20
Ribbon,B20Fe72W8
Ribbon,Ni33V0.05Zr66.95
Ribbon,B15Cr0Fe85
Ribbon,Al49Co10Si41
Ribbon,Ni50Si10Ti40
Ribbon,Ag0Pd80Si20
Ribbon,B11Fe84Zr5
Ribbon,Al12B30Ni58
Ribbon,B29Fe18Ni53
Ribbon,Al61Ce10Ni29
Ribbon,B20Fe76Mo4
Ribbon,Cr4Fe76P20
Ribbon,Mg60Nd15Ni25
Ribbon,Fe76Mo7P17
Ribbon,Co80Mo10Zr10
Ribbon,B17Fe7Ni76
Ribbon,Al2La40Ni58
Ribbon,Cu50Ti50Zr0
Ribbon,B12Fe81W7
Ribbon,C0Nb80Si20
Ribbon,Ni25Si15Ti60
Ribbon,Al45Gd55Si0
Ribbon,Ge3Pd84Si13
Ribbon,B24Co33Mn43
Ribbon,B28C4Ni68
Ribbon,Al48La18Ni34
Ribbon,Al20Ni52Zr28
Ribbon,B30Co65Si5
Ribbon,Al25Ni40Zr35
Ribbon,Ag55Ce8Cu37
Ribbon,Al85Ce10Co5
Ribbon,B21.5Fe58.5Ni20
Ribbon,Si35Ti26Zr39
Ribbon,Si55Ti24Zr21
Ribbon,B11.25Co63.75V25
Ribbon,Co70.3Mo14Zr15.7
Ribbon,C8Fe77P15
Ribbon,Cu20La30Mg50
Ribbon,B12Co44Mn44
Ribbon,Al7.5Fe61.7Tb30.8
Ribbon,B20Fe76W4
Ribbon,Hf66Nb19Si15
Ribbon,Al70Gd10Ni20
Ribbon,Co70Cr10P20
Ribbon,Al33Ni22Zr45
Ribbon,B12Co70.4Mn17.6
Ribbon,B14Fe78Si8
Ribbon,Ni24P6Zr70
Ribbon,Si30Ti20Zr50
Ribbon,B16Fe83.2Ti0.8
Ribbon,B17Nb10Ni73
Ribbon,B11Co89Mn0
Ribbon,Al50Cr15Si35
Ribbon,Al40Ca60Ga0
Ribbon,Cu30.5La56Sr13.5
Ribbon,Al45Mn20Si35
Ribbon,Al91Ca9Ni0
Ribbon,Al20Cu25La55
Ribbon,Cu40La10Mg50
Ribbon,Cr60Ni20P20
Ribbon,Fe89.91Si0.09Zr10
Ribbon,B16Co68Zr16
Ribbon,B0Fe75Nd25
Ribbon,Al65Mn10Si25
Ribbon,B7.5Cu55Zr37.5
Ribbon,Si13Ti0Zr87
Ribbon,B12Fe82Si6
Ribbon,B16Fe84Nd0
Ribbon,Al32Ni40Zr28
Ribbon,Co86.5Mo8Zr5.5
Ribbon,Cu10Ni60Zr30
Ribbon,Al20B34Co46
Ribbon,Al61La22Ni17
Ribbon,Hf84Nb1Si15
Ribbon,Nb52Si18Ti30
Ribbon,Cr25Ni56P19
Ribbon,Fe80P17.5Si2.5
Ribbon,Mg10Nd60Ni30
Ribbon,Ag50Ce3Cu47
Ribbon,B14Fe76Mn10
Ribbon,B5Cu70Zr25
Ribbon,Fe80P18Si2
Ribbon,Hf61Si15V24
Ribbon,Al87Ni8Sm5
Ribbon,Mn33Ni0.15Zr66.85
Ribbon,B17Co6Fe77
Ribbon,Al8B22Co70
Ribbon,Co80.5W7Zr12.5
Ribbon,Cr26Fe60.5P13.5
Ribbon,B25Fe75W0
Ribbon,Au25B0Gd75
Ribbon,Nb0Si22Ti78
Ribbon,B32Co46.4Mn21.6
Ribbon,Mg90Nd7.5Ni2.5
Ribbon,B6.1Fe82.1Nd11.8
Ribbon,Cu35Mg45Nd20
Ribbon,B25Fe75Mn0
Ribbon,Cu15Pd68.5Si16.5
Ribbon,Si15Ta20Zr65
Ribbon,C16Co72W12
Ribbon,Al87Mn2Ni11
Ribbon,Al26Ni8Zr66
Ribbon,Ca10Mg80Zn10
Ribbon,Cu48.4Hf36.6Nb15
Ribbon,Al85Cu6Y9
Ribbon,Si50Ti20Zr30
Ribbon,B25Co65Zr10
Ribbon,Ni31.35Ti5Zr63.65
Ribbon,Si25Ti15Zr60
Ribbon,Si15Ti35Zr50
Ribbon,B10Fe83Ta7
Ribbon,B20Fe70Mo10
Ribbon,Hf53Nb32Si15
Ribbon,Si0Ti22Zr78
Ribbon,Mg85Mn0Y15
Ribbon,Cu30Mg65Nd5
Ribbon,Cr8Fe82Zr10
Ribbon,Cu30Hf40Ni30
Ribbon,Al85Ce5Cu10
Ribbon,Co78W8Zr14
Ribbon,Cu40Ni30Ti30
Ribbon,B8Fe79Nd13
Ribbon,Al25Cu50Ti25
Ribbon,B1Fe90Zr9
Ribbon,Hf72Si15V13
Ribbon,Al20Cu50La30
Ribbon,Mg91.5Mn6Y2.5
Ribbon,Al90Ce10Mn0
Ribbon,C16Co48Mo36
Ribbon,Si80Ti15Zr5
Ribbon,B0Fe89Nd11
Ribbon,B28C0Ni72
Ribbon,Cu40Mg60Y0
Ribbon,B16Fe74V10
Ribbon,B0Co91Zr9
Ribbon,Al15Cu60Ti25
Ribbon,Si70Ti11Zr19
Ribbon,B3Fe79P18
Ribbon,B17Ni75W8
Ribbon,B5Cu55Zr40
Ribbon,B13Fe75Si12
Ribbon,Au54.6Cu36.4La9
Ribbon,B17Ni73Ta10
Ribbon,B20Fe77.5W2.5
Ribbon,Al32Ni20Zr48
Ribbon,Co85V5Zr10
Ribbon,P19Pd81Ti0
Ribbon,Cu30Ni0Zr70
Ribbon,B20Fe79W1
Ribbon,Cu37La59Sr4
Ribbon,Ca75Cu10Mg15
Ribbon,Cu2Pd80.75Si17.25
Ribbon,B11Co71.2Mn17.8
Ribbon,Co88Mo6Zr6
Ribbon,Cu50La20Mg30
Ribbon,Cu7Pd76Si17
Ribbon,Ni19.2Pd64.3Si16.5
Ribbon,Co82V2Zr16
Ribbon,Mg10Nd50Ni40
Ribbon,B16Co75.6Mn8.4
Ribbon,Al85La7.5Nb7.5
Ribbon,Al93Ce7Fe0
Ribbon,Al87La5Ni8
Ribbon,Cu15Mg70Nd15
Ribbon,B14Cr20Fe66
Ribbon,Si15V30Zr55
Ribbon,Al86Ce4Ni10
Ribbon,Cu30Ni25Zr45
Ribbon,C15Fe72.5P12.5
Ribbon,Ni24.75V25Zr50.25
Ribbon,B14Fe81V5
Ribbon,B8Fe82P10
Ribbon,C20Co64Mo16
Ribbon,Al90Ce10Cu0
Ribbon,Si15Ta0Ti85
Ribbon,Ba3Cu41La56
Ribbon,Ni35Ti65Zr0
Ribbon,Co70Fe20Zr10
Ribbon,Al16B26Ni58
Ribbon,Cu40Mg30Nd30
Ribbon,Ni20P20Ti60
Ribbon,Ca9Cu33.5La57.5
Ribbon,B10Ni20Ti70
Ribbon,Al87.5Fe3.5Ni9
Ribbon,Cu25La20Mg55
Ribbon,Co71Cr12Zr17
Ribbon,B12Fe81Mo7
Ribbon,B14Ni72Si14
Ribbon,Si15Ta40Ti45
Ribbon,Al85Ce5Fe10
Ribbon,Al65Gd15Ni20
Ribbon,Ni20V30Zr50
Ribbon,B14Fe82Si4
Ribbon,Al50La20Ni30
Ribbon,Al89Ca11Ni0
Ribbon,B20Co74Fe6
Ribbon,Al65Ni16Si19
Ribbon,Ag25Mg65Y10
Ribbon,B18Cr14Fe68
Ribbon,Cu40Hf30Ni30
Ribbon,Au7Pd75Si18
Ribbon,B12Fe73Mo15
Ribbon,Ag20Mg50Y30
Ribbon,Al6La86Ni8
Ribbon,Si40Ti26Zr34
Ribbon,Al5Fe85Si10
Ribbon,Al65Ni17.5Si17.5
Ribbon,Si25Ti20Zr55
Ribbon,Cu60Ni0Zr40
Ribbon,Al2La82Ni16
Ribbon,Hf53Si15V32
Ribbon,B28Co50Mn22
Ribbon,Ag25Ce6Cu69
Ribbon,Nb10Ni60Ta30
Ribbon,Al85La13Ni2
Ribbon,Ge13Nb77Si10
Ribbon,Au6Pd78Si16
Ribbon,Al34Ni20Zr46
Ribbon,Cu30Hf30Ni40
Ribbon,Al0Ni18Zr82
Ribbon,Co82W12Zr6
Ribbon,Si15Ta0Zr85
Ribbon,Al30Ni20Zr50
Ribbon,Cr55.93Ni28.93P15.14
Ribbon,Al85La7.5Mo7.5
Ribbon,B36C4Co60
Ribbon,B1Cu60Zr39
Ribbon,Al85Ca10Mg5
Ribbon,Ag4.2Pd79.3Si16.5
Ribbon,Cu50La10Mg40
Ribbon,Cu5Ni31.35Zr63.65
Ribbon,Cu10Ni40Zr50
Ribbon,Ni50.1Pd33.4Si16.5
Ribbon,Al0Cu55Ti45
Ribbon,Cu10Pd73Si17
Ribbon,Al59Ge31Ni10
Ribbon,Al82Ni13Zr5
Ribbon,B24Co53Mn23
Ribbon,B24Fe66Ni10
Ribbon,Al88Ce10Cu2
Ribbon,B12Fe78Mo10
Ribbon,Ni43P14Pd43
Ribbon,B4.8Fe82.2Nd14
Ribbon,Mo48P20Rh32
Ribbon,B8Fe77Nb15
Ribbon,Au2Pd81.5Si16.5
Ribbon,B11.1Ni81.5P7.4
Ribbon,B17Nb16.5Ni66.5
Ribbon,Al35Ni32Zr33
Ribbon,Ni50Ti30Zr20
Ribbon,Al4B18Fe78
Ribbon,Ni29.2Pd54.3Si16.5
Ribbon,Ni50V0Zr50
Ribbon,Cu40Mg50Nd10
Ribbon,C12.5Fe72.5P15
Ribbon,Al20Cu32Ti48
Ribbon,Hf82Nb3Si15
Ribbon,Ge2Pd84Si14
Ribbon,Cu30Hf55Ni15
Ribbon,Si45Ti20Zr35
Ribbon,Si15V40Zr45
Ribbon,B3Fe82Nd15
Ribbon,Ni30P25Pt45
Ribbon,B16Fe59Ni25
Ribbon,Si0Ti15Zr85
Ribbon,Co10Ni40Ta50
Ribbon,Ni77P18W5
Ribbon,Al35Cu50Ti15
Ribbon,Al83Gd7Ni10
Ribbon,C15Fe65Si20
Ribbon,B18Co74Ti8
Ribbon,Al0B34Ni66
Ribbon,Al20B34Ni46
Ribbon,Al56La16Ni28
Ribbon,Al84Gd10Ni6
Ribbon,Mg88.5Mn4Y7.5
Ribbon,Cu70Ni0Zr30
Ribbon,Fe5Ni31.35Zr63.65
Ribbon,Be35Nb5Zr60
Ribbon,Cu35Ni0Ti65
Ribbon,Al80Ce10Fe10
Ribbon,Mg85Nd5Ni10
Ribbon,Al70Ni16Zr14
Ribbon,Cu20Mg65Nd15
Ribbon,B14Cr0Fe86
Ribbon,Cr6Fe84Zr10
Ribbon,Cu16Mg60Y24
Ribbon,Al4B22Co74
Ribbon,C18Co48Cr34
Ribbon,Au12Pd68Si20
Ribbon,Al87Fe3Ni10
Ribbon,B9Fe82Nd9
Ribbon,Cu33Ni0.05Zr66.95
Ribbon,B17Fe32.5Ni50.5
Ribbon,Cu20Hf55Ni25
Ribbon,B50C20Ni30
Ribbon,B18.5Fe51.5Nd30
Ribbon,La4Mg76Zn20
Ribbon,Al55Ge35V10
Ribbon,Co7Ni73.5P19.5
Ribbon,Mn33Ni0.05Zr66.95
Ribbon,Nb40Si9Zr51
Ribbon,B19.5Fe40.5Ni40
Ribbon,Fe89.7Gd0.3Zr10
Ribbon,Cu62Ti0Zr38
Ribbon,Co84W6Zr10
Ribbon,B19Fe76Ni5
Ribbon,Nb0Ni80Ta20
Ribbon,Al57La37Ni6
Ribbon,Al91Ce9V0
Ribbon,Be35Ti0Zr65
Ribbon,Al80Gd5Ni15
Ribbon,B5Cu50Zr45
Ribbon,Fe88Gd2Zr10
Ribbon,C17.5Co67.5Si15
Ribbon,B34C0Ni66
Ribbon,Al87Nd7Ni6
Ribbon,B12Co57Mn31
Ribbon,Ca5Cu37.5La57.5
Ribbon,Ni60P0Ta40
Ribbon,B17.5Fe61.875Nd20.625
Ribbon,Si15Ti65V20
Ribbon,Al9La27Ni64
Ribbon,Al20Ni10Zr70
Ribbon,Al65Ni15Sm20
Ribbon,Ni77P20Ti3
Ribbon,Si15Ti45Zr40
Ribbon,B33Co40.2Mn26.8
Ribbon,Al8Cu84Nd8
Ribbon,Al6La32Ni62
Ribbon,B10Fe83Nb7
Ribbon,Cu57Hf28Nb15
Ribbon,Al8B14Fe78
Ribbon,B20Mo67.5Si12.5
Ribbon,B12.75Co72.25V15
Ribbon,Al4B38Ni58
Ribbon,Cu35Ni15Zr50
Ribbon,Cu52.8Ni27.2P20
Ribbon,Al30Cu50Ti20
Ribbon,Cu2Ni76P22
Ribbon,Al44La18Ni38
Ribbon,Cu3Pd80Si17
Ribbon,B16C2Ni82
Ribbon,Nb75Si20V5
Ribbon,Al83Ni10Zr7
NR,C15Co75W10
NR,Co2Ni76P22
NR,Cu5Mg80Nd15
NR,B8Fe82Ni10
NR,Cu20Ni50Ti30
NR,B10Fe80Mn10
NR,B10Fe70Ni20
NR,Al10Ce6Cu84
NR,B6Ni76Si18
NR,Al0Mg80Zn20
NR,B8Fe82Mn10
NR,Al92Co4Fe4
NR,Cu5Ni45Ti50
NR,Al0Cu20La80
NR,C10Fe82.5P7.5
NR,C16Co56Cr28
NR,Al28B22Ni50
NR,Al80Ni20Zr0
NR,B42.5C2.5Ni55
NR,Al75Ce15Co10
NR,C10Ni70Si20
NR,Ni5Si10Ti85
NR,Al88Ce12Nb0
NR,B4Cu5Fe91
NR,Mg90Nd0Ni10
NR,Ag0Cu32Fe68
NR,Al20Cu0Ti80
NR,B14Cu15Fe71
NR,C7.5Fe82.5P10
NR,C16Co68W16
NR,Mg92.5Nd7.5Ni0
NR,Cu30Ni60Ti10
NR,Al86Co14Fe0
NR,Mg90Ni5Y5
NR,Ce0Cu10Mg90
NR,Cu20Ni5Zr75
NR,Al96Nd2Ni2
NR,Cu28Ti0Zr72
NR,Al83Fe3Ni14
NR,Ag60Ce5Cu35
NR,Cu2Ni82P16
NR,B9Fe80Si11
NR,B16Cu10Fe74
NR,Al86Co14Mn0
NR,Al70Cu10Ti20
NR,Ag26Cu44Fe30
NR,Al50Cu30Ti20
NR,Al96Nd4Ni0
NR,Mg30Nd60Ni10
NR,Al75Nd20Ni5
NR,Al92.5Ca7.5Fe0
NR,Al30Cu50La20
NR,Al10Cu86Nd4
NR,Ag5Mg85Y10
NR,Al4Cu88Nd8
NR,Ag0Mg80Y20
NR,Cu54.5Mg9.1Ca36.4
NR,B5C5Ni90
NR,B17Fe80P3
NR,Al94Ce4Co2
NR,Ni30Si30Ti40
NR,Cu20Ni60Ti20
NR,Al88Co0Fe12
NR,Al2Cu90Nd8
NR,C0Co100Si0
NR,B6Fe79Ni15
NR,C10Co87.5W2.5
NR,C7Fe79W14
NR,Al87.5Ca10Fe2.5
NR,Cu95Ti0Zr5
NR,Al84Co14Fe2
NR,Al88Co8Mn4
NR,B8Fe74Mo18
NR,B54C0Ni46
NR,Al89Fe4Ni7
NR,Al80Mn15Ni5
NR,Fe84Gd6Zr10
NR,Al10Ni45Ti45
NR,Cu10Mg65Nd25
NR,B6Fe82Mo12
NR,Cu10Ni10Ti80
NR,B20C8Ni72
NR,Al10Cu60La30
NR,B4Cr14Fe82
NR,Ni55Si0Ti45
NR,Al60Cr18Si22
NR,Ag51Cu13Fe36
NR,B36C8Co56
NR,B2Fe78Ni20
NR,Al5Ni50Ti45
NR,Al30Ni0Zr70
NR,Al40Ni40Zr20
NR,B6Fe76Mo18
NR,Cu5Mg90Y5
NR,Be40Si5Ti55
NR,Al60Cu35V5
NR,Al0Cu10Ti90
NR,Be43Si0Ti57
NR,Mg40Ni40Y20
NR,Al92Co0Fe8
NR,B16Cu5Fe79
NR,Al10Cu84Nd6
NR,Al83Cr17Si0
NR,Al70Mn5Si25
NR,Al82Mn4Ni14
NR,Cu10Ni70Ti20
NR,Cu45.5Mg45.5Ca9.0
NR,B4Cr20Fe76
NR,Al40Mg50Zn10
NR,Al30Cu0Ti70
NR,Al87Cu5V8
NR,Ag10.5Cu80.5P9
NR,Al86Co6Fe8
NR,B5Mo85Si10
NR,Cu50Ni30Zr20
NR,Cu20La50Mg30
NR,Al55Cr20Si25
NR,B20C0Ni80
NR,Al70Cu30Ti0
NR,Al14Cu78Nd8
NR,B16Ni84Si0
NR,Ce20Cu10Mg70
NR,C12.5Co67.5W20
NR,B15Co85Si0
NR,C14Cr28Fe58
NR,Cu0Ni60Ti40
NR,Al96Cr4Si0
NR,C14Fe82W4
NR,B8Fe87Nb5
NR,Al89Ce6V5
NR,Co20.9Pd62.6Si16.5
NR,Al5Mg80Zn15
NR,B10Mo90Si0
NR,Al90Co0Fe10
NR,Mg87.5Mn10Y2.5
NR,Cu70Ni20Ti10
NR,Al90Cr10Si0
NR,Cu33Ti0Zr67
NR,Al60Cu35Ti5
NR,C5Co80W15
NR,Cu75Ti25Zr0
NR,Nb55Si20V25
NR,Cu40Ni40Zr20
NR,Ag20Ce3Cu77
NR,C12Co74W14
NR,Mo35Nb45Si20
NR,B81.5Fe12.5Si6
NR,C20Fe72W8
NR,Al87Ce8Cr5
NR,Al90Ce0Co10
NR,B8C12Co80
NR,Al94Nd2Ni4
NR,C18Mo24Ni58
NR,B30Co70Si0
NR,B4Cu10Fe86
NR,Al10Cu20La70
NR,Co5Ni78P17
NR,Al40Cu0Ti60
NR,Mg70Ni10Y20
NR,Al94Co0Fe6
NR,C10Co82.5W7.5
NR,B3Fe82Zr15
NR,Ag10Mg50Y40
NR,Cr87Ni0P13
NR,Ce20Mg40Ni40
NR,Ag40Cu47Fe13
NR,B6Fe84Ni10
NR,B10Mo85Si5
NR,Al10Mg85Zn5
NR,B40C4Ni56
NR,Cu5Mg75Y20
NR,Cu10Mg90Nd0
NR,Al96Co4Mn0
NR,Al65Cu0Ti35
NR,C18Mo28Ni54
NR,Al90Co6Fe4
NR,Mg90Mn10Y0
NR,B6Cr15Fe79
NR,Cu0Ni25Ti75
NR,Cu0Mg90Nd10
NR,Al82Ni10Zr8
NR,Ag20Ce5Cu75
NR,B0C20Ni80
NR,Al85Ce10V5
NR,Al83Mn4Ni13
NR,Ag60Mg20Y20
NR,B46C8Ni46
NR,B9Fe83Mo8
NR,B10Fe75Ni15
NR,Cu10Ni10Zr80
NR,Al89Fe9Ni2
NR,Nb50Si20Zr30
NR,Au20.9Pd62.6Si16.5
NR,B12Cu3Fe85
NR,Al14Cu82Nd4
NR,Ni60Si0Ti40
NR,B20C6Ni74
NR,B30Ni70Si0
NR,Cu0Ni10Ti90
NR,Ag20.9Pd62.6Si16.5
NR,B20Cu10Fe70
NR,Al65Cr25Si10
NR,Al89Ce11Co0
NR,C20Ni80Si0
NR,Cu10La10Mg80
NR,Al14Ce6Cu80
NR,Ag70Cu0Fe30
NR,B46C0Ni54
NR,Al70.6Mn17.4Si12
NR,Be20Ti80Zr0
NR,Ag31Cu37Fe32
NR,Mg50Ni40Y10
NR,Al4Ce8Cu88
NR,Al94Ce2V4
NR,C15Ni75Si10
NR,Cu90Ni0Ti10
NR,B16C16Co68
NR,Al8Cu86Nd6
NR,Al52Mg17Pd31
NR,B10Fe75V15
NR,B40C2Co58
NR,Cr70Ni10P20
NR,Al10Ce4Cu86
NR,Al89Ce11V0
NR,Al84Co12Mn4
NR,B19Ni67Si14
NR,C0Ni90Si10
NR,Ag30Ce3Cu67
NR,Co10Ni73P17
NR,Cu70Ni10Ti20
NR,Al89Ce11Fe0
NR,Nb30Si9Zr61
NR,Ag5Ce8Cu87
NR,Al40Cu10Ti50
NR,B8Cr18Fe74
NR,B14Cu3Fe83
NR,Cu60Hf10Ni30
NR,Al65Cr15Si20
NR,B10Cr20Fe70
NR,Al45Cr20Si35
NR,B2Fe83Ni15
NR,Al4Cu90Nd6
NR,Ag23Cu10Fe67
NR,Al60Ge35V5
NR,Be20Ti0Zr80
NR,C5Co75Si20
NR,B12Cu10Fe78
NR,Al88Ce12Fe0
NR,Ni0Si15Ti85
NR,Cu40Mg20Y40
NR,Cu20Hf75Ni5
NR,Al92Co2Fe6
NR,B12Fe87Ni1
NR,B14Co82Si4
NR,C10Ni90Si0
NR,C14Fe78W8
NR,Cu40La40Mg20
NR,Al65Cu15V20
NR,B10Cr10Fe80
NR,B4Fe81Ni15
NR,B10C15Ni75
NR,Al84Mn8Ni8
NR,Al94Ce6V0
NR,Al86Co12Mn2
NR,Al75Ni20Y5
NR,Al16B10Fe74
NR,B22C0Ni78
NR,B7.5Cu15Zr77.5
NR,Ca5Cu5Mg90
NR,C0Co95Si5
NR,Al46Mg40Pd14
NR,B26C2Ni72
NR,Al80Cu0La20
NR,Al14Cu76Nd10
NR,Al52Mg18Pd30
NR,Al96Co0Fe4
NR,Al86Fe12Ni2
NR,B12Fe73V15
NR,Ag13Cu32Fe55
NR,B15Mo65Si20
NR,Ce10Cu5Mg85
NR,Al8Ga3Mg89
NR,Nb30Si12Ti58
NR,B8C4Co88
NR,Al54Mg32Pd14
NR,Ag0Mg75Y25
NR,Al20Mg60Zn20
NR,Al94Co6Mn0
NR,Al65Ge15Mn20
NR,Mg90.5Mn2Y7.5
NR,Al60Cu0Ti40
NR,Al75Cu10V15
NR,Al70Cr10Si20
NR,C10Co75Si15
NR,Al0Cu50La50
NR,Mg90Nd5Ni5
NR,Al6Ce4Cu90
NR,Cu40Ni40Ti20
NR,Al85Fe8Si7
NR,B16Cu20Fe64
NR,Mg93Mn2Y5
NR,B8Cr24Fe68
NR,Al70Ce15Fe15
NR,Ag20Mg20Y60
NR,Al85Ce5Nb10
NR,B20Co80Si0
NR,Cu15Ni5Ti80
NR,Al40Cu40La20
NR,B6Fe69Ni25
NR,B6Fe93Mn1
NR,Al4Cu86Nd10
NR,Ni72P20Pt8
NR,B15C0Co85
NR,Al14Cu80Nd6
NR,Al90Co8Fe2
NR,Al89Ce11Cu0
NR,Al80Cr10Si10
NR,Ag0Cu71Fe29
NR,Al60Cr5Si35
NR,C0Co80Si20
NR,B10Co82Si8
NR,B25Mo75Si0
NR,Ag61Cu0Fe39
NR,Al92Nd6Ni2
NR,B6Cu15Fe79
NR,Be25Si15Ti60
NR,Al83Ni15Zr2
NR,Ce10Mg90Ni0
NR,Ag27Cu73Fe0
NR,C15Co75Si10
NR,Ag0Cu70Fe30
NR,Al80Cu10La10
NR,B8Fe82V10
NR,B4Fe81Mo15
NR,Al89Fe6Ni5
NR,B8Fe80Mo12
NR,Co16Ni65P19
NR,Al65Ni15Y20
NR,Si15Ti50V35
NR,Cu15La15Mg70
NR,B20Ni80Si0
NR,B17C16Ni67
NR,Al87.5Ca10Ni2.5
NR,Al57Cr23Si20
NR,Be10Si15Ti75
NR,Al9Ga2Mg89
NR,Ag0Mg87.5Y12.5
NR,Al62.5Ce25.5Fe12
NR,B8Fe87Mo5
NR,B20Ni77.5Si2.5
NR,B4Cr16Fe80
NR,Cu1Mg79Y20
NR,Al75Ce15Cu10
NR,B10Fe85Mo5
NR,Cu3Ni73P24
NR,Ag17Cu41Fe42
NR,B8Fe91Ni1
NR,Al35Cu0Ti65
NR,C8Mo20Ni72
NR,B28Ni72Si0
NR,Al20Ni60Zr20
NR,B14C20Ni66
NR,Ag70Ce10Cu20
NR,Al82Mn8Ni10
NR,C15Co67.5W17.5
NR,B10Co85Si5
NR,Al94Co0Mn6
NR,Cu20Ni40Ti40
NR,Cu70Mg10Nd20
NR,Al20Cu10Ti70
NR,Mg85Mn15Y0
NR,B10Cr14Fe76
NR,Ag7.5Cu86P6.5
NR,C14Fe70W16
NR,Al80Cu0Ti20
NR,Ni25Si20Ti55
NR,B10Cr22Fe68
NR,Al80Gd15Ni5
NR,Al12B6Fe82
NR,Mg82.5Mn10Y7.5
NR,B2Cr20Fe78
NR,Al88Co10Fe2
NR,C13Cr40Fe47
NR,Al70Ge20V10
NR,Al83Ce10Mn7
NR,C16Mo16Ni68
NR,Al94Ce6Ni0
NR,Al84Fe14Si2
NR,B4Fe84P12
NR,Al85Cr15Si0
NR,Al83Ce10Cr7
NR,Al10Cu0Ti90
NR,Al50Mn25Si25
NR,Cu0Ni70Ti30
NR,Al75Ni20Sm5
NR,Al4Ce4Cu92
NR,Mg0Nd40Ni60
NR,Al60Ce25Fe15
NR,Mg0Nd80Ni20
NR,Al90Co4Mn6
NR,Cu0Mg92.5Nd7.5
NR,Si10Ti70V20
NR,Ag0Cu54Fe46
NR,Al57Cr28Si15
NR,B8Fe87Mn5
NR,B2Fe93Mo5
NR,C15Co80W5
NR,Al55Cu0Ti45
NR,C7.5Co85W7.5
NR,Al88Cr10Si2
NR,C18Co66W16
NR,Be20Si15Ti65
NR,Cu0Mg85Nd15
NR,C20Cr22Fe58
NR,Al30Mg40Zn30
NR,Al45Cu20Ti35
NR,B5Co75Si20
NR,B3Fe92Nb5
NR,B4Fe78Mo18
NR,Al92.5Ca7.5Ni0
NR,Cu20Ti80Zr0
NR,Cu10Ni50Ti40
NR,Al85Mn2Ni13
NR,Al10Cu20Ti70
NR,Ce5Cu5Mg90
NR,Al90Ca5Fe5
NR,Al12Cu82Nd6
NR,B4Fe86Mo10
NR,Ag36Cu30Fe34
NR,Ag0Cu90Fe10
NR,Si82Ti8Zr10
NR,B20Mo77.5Si2.5
NR,Cu14Ni68P18
NR,B30Mo60Si10
NR,Al85Ce13V2
NR,B19Fe75P6
NR,Ag5.5Cu87P7.5
NR,Al94.1Ni0Ti5.9
NR,Ni40Si30Ti30
NR,B5Mo70Si25
NR,Al0Cu30Ti70
NR,Al63Cr15Si22
NR,Be0Si25Ti75
NR,C20Co75Si5
NR,Al10Cu80La10
NR,Ni58.5Pd25Si16.5
NR,C22Fe62W16
NR,Al92Fe5Ni3
NR,B26C0Ni74
NR,Ag31Cu55Fe14
NR,Al72.5Mn17.4Si10.1
NR,Al75Ce15Nb10
NR,Ni15Si5Ti80
NR,Al20Cu70Ti10
NR,C18Co68W14
NR,Al50Mg40Zn10
NR,Ni20Si20Ti60
NR,Mg90Nd10Ni0
NR,B6Fe93Ni1
NR,Co7Ni71P22
NR,C15Co85Si0
NR,Nb40Si7Zr53
NR,Al92Mn8Ni0
NR,Ca7.5Cu0Mg92.5
NR,Al76Cu8.5Mn15.5
NR,Ag10Mg85Y5
NR,Ca5Cu10Mg85
NR,Ag17Cu20Fe63
NR,Al50Cu40V10
NR,Al87Fe6Ni7
NR,Mg0Nd30Ni70
NR,Cu5Mg90Nd5
NR,Al0Mg85Zn15
NR,La30Mg60Ni10
NR,Cu75Ti0Zr25
NR,Al90Co10Fe0
NR,Ca11Cu0Mg89
NR,C14Co40Cr46
NR,Si25Ti75V0
NR,Al98Co2Fe0
NR,Mg95.5Mn2Y2.5
NR,B10Cr15Fe75
NR,Cu26.7Pd56.8Si16.5
NR,Mg30Nd20Ni50
NR,B24Ni76Si0
NR,Cu35Ni35Ti30
NR,Al80Ce15Co5
NR,C12Co68W20
NR,C16Co52Cr32
NR,Al70Ni10Zr20
NR,Al84Ce2Fe14
NR,Ag48Cu52Fe0
NR,Al77Cu20V3
NR,B10Fe89Mn1
NR,Cu10Mg60Y30
NR,Al90Ni10Zr0
NR,Al42Mg44Pd14
NR,Ce5Mg90Ni5
NR,B13C12Ni75
NR,C18Co62W20
NR,Al85Fe1Ni14
NR,Cu80Mg0Nd20
NR,Al60Cr30Si10
NR,Cu0Ni65Ti35
NR,Cu50Ni40Ti10
NR,B6Fe91Mn3
NR,C18Fe78W4
NR,B4Cr5Fe91
NR,Mg97.5Nd2.5Ni0
NR,Al55Mg15Pd30
NR,Si10Ti85V5
NR,Al24B18Ni58
NR,B4Fe93Mn3
NR,Ce15Cu5Mg80
NR,Al90Ce0Ni10
NR,Al92Co0Mn8
NR,C16Co60Cr24
NR,Al0Fe66.7Tb33.3
NR,B5C0Ni95
NR,Al80Ce15Nb5
NR,Al90Ce5Ni5
NR,Al60Ce23Fe17
NR,Ag40Mg20Y40
NR,Ni45Si10Ti45
NR,Al30Cu30Ti40
NR,Be30Si15Ti55
NR,C14Mo28Ni58
NR,Ag67Cu0Fe33
NR,Al12Ce10Cu78
NR,Al70Ce20Ni10
NR,C10Ni85Si5
NR,Ag9Cu84.5P6.5
NR,B12Fe73Mn15
NR,Al91Fe1Ni8
NR,B5Fe84P11
NR,C5Co90W5
NR,B7Fe84P9
NR,Al94Ce6Cr0
NR,B6Fe74Mo20
NR,Al93Ce2Cr5
NR,Al80Cu5V15
NR,C12Mo12Ni76
NR,Ag50Ce2Cu48
NR,Cu0Mg95Nd5
NR,Al90Mn8Ni2
NR,Cu60Mg30Nd10
NR,Be35Si15Ti50
NR,Al96Co0Mn4
NR,Cu0Ni75Ti25
NR,Nb65Si20W15
NR,Al50Cu30La20
NR,Al16B14Ni70
NR,Al75Gd5Ni20
NR,Ni5Si20Ti75
NR,Al14Ce10Cu76
NR,B20Co60Si20
NR,Nb47Si25Ti28
NR,Al50Cu20Ti30
NR,C14Co62Mo24
NR,Ni10Si5Ti85
NR,Ca7.5Mg82.5Zn10
NR,Al15Mg70Zn15
NR,Al10Cu50La40
NR,Co14Ni67P19
NR,C17Fe73W10
NR,Cu34Ti44Zr22
NR,Al94Co4Fe2
NR,Al50Ni10Zr40
NR,C10Mo32Ni58
NR,Cr80Ni0P20
NR,Co9Ni69.5P21.5
NR,B8Cu1Fe91
NR,Al55Ni30Zr15
NR,C7.5Co82.5W10
NR,Ag26Cu23Fe51
NR,Ce20Cu25Mg55
NR,Cu75Ti8Zr17
NR,Al88Co12Fe0
NR,C0Co70Si30
NR,Ca10Mg90Zn0
NR,B6Cr16Fe78
NR,C18Co42Mo40
NR,Al12B6Co82
NR,B18C6Ni76
NR,C14Cr40Fe46
NR,Ag0Cu63Fe37
NR,Al74Mg5Pd21
NR,Al85Ce5Mn10
NR,B6Fe78Nd16
NR,Cu35Ti65Zr0
NR,Al95Ce2Co3
NR,Al94Co2Fe4
NR,C20Co56Cr24
NR,B5Fe81Nd14
NR,Al88Co10Mn2
NR,B8Fe67Ni25
NR,Ag48Cu0Fe52
NR,Ag32Cu66Fe2
NR,Si5Ti95V0
NR,Be30Si0Ti70
NR,Cr69.6Ni16.2P14.2
NR,B28C20Co52
NR,Co2Ni81P17
NR,Cu3Ni81P16
NR,C20Ni75Si5
NR,Al84Co14Mn2
NR,Al48Mg22Pd30
NR,Al35Cu40Ti25
NR,Al94Mn6Ni0
NR,Al40Mn25Si35
NR,Al85Fe2Ni13
NR,B18Fe82P0
NR,Al70Ce10Fe20
NR,B6Fe89Mn5
NR,Al60Cr25Si15
NR,Al0Mg55Zn45
NR,Al86Fe12Si2
NR,Cu15Mg84Y1
NR,B10Cu3Fe87
NR,Al67Ce18Fe15
NR,B8Fe89Mn3
NR,La40Mg10Ni50
NR,Co10Ni68.5P21.5
NR,Al94Ce6Nb0
NR,C5Fe85P10
NR,B2Fe86Mo12
NR,Ce0Cu15Mg85
NR,Co12.5Ni70.5P17
NR,Al60Gd20Ni20
NR,Al92Nd4Ni4
NR,B24C0Ni76
NR,Co14Ni69P17
NR,Al88.75Ca1.25Ni10
NR,C16Co74Mo10
NR,Cu50La0Mg50
NR,Al77Ce18Fe5
NR,C18Mo16Ni66
NR,Al92Co8Mn0
NR,B6Fe79Mn15
NR,B4Fe76Ni20
NR,B8Fe77Ni15
NR,Al25Cu50Mn25
NR,C20Co60W20
NR,Fe15Pd68.5Si16.5
NR,Cr72.5Ni13.5P14
NR,Be15Si10Ti75
NR,Al2Cu88Nd10
NR,Nb47Si13Ti40
NR,Al92.5Ca2.5Ni5
NR,Al80Ce15Cu5
NR,Al88Mn8Ni4
NR,Mg70Nd0Ni30
NR,Mg81Mn4Y15
NR,B16Cu15Fe69
NR,Al60Mn5Si35
NR,B4Cr12Fe84
NR,C18Co74.5W7.5
NR,C0Co90Si10
NR,Cu30Ni50Zr20
NR,Ag45Ce2Cu53
NR,C18Mo20Ni62
NR,B12Ni84Si4
NR,C20Co75W5
NR,B10Mo65Si25
NR,B17C8Ni75
NR,C16Fe80W4
NR,B21Fe79P0
NR,C5Co70Si25
NR,B8Fe77Mn15
NR,B14Cu10Fe76
NR,Al30Cu20Ti50
NR,C0Co75Si25
NR,B6Cr14Fe80
NR,Al75Ce10Fe15
NR,Al60Cu40Ti0
NR,Al87Ce13Nb0
NR,Al6Cu88Nd6
NR,Al20B14Ni66
NR,Be30Ti70Zr0
NR,Al94Ce4Fe2
NR,Cu70Hf10Ni20
NR,Nb30Si7Zr63
NR,C0Co85Si15
NR,Cu13Ni66P21
NR,Al77Ce10Co13
NR,Al91Fe3Ni6
NR,C12Mo28Ni60
NR,C10Co90Si0
NR,Mg82Mn8Y10
NR,Cu13Ni67P20
NR,C22Fe70W8
NR,B19Fe81P0
NR,Al90Co2Mn8
NR,Al10Ni70Zr20
NR,C10Mo24Ni66
NR,B10C8Ni82
NR,B6Fe86Mo8
NR,Si10Ti90V0
NR,Al15Ni75Zr10
NR,Al20B18Co62
NR,B2.5Cu75Zr22.5
NR,Be15Si15Ti70
NR,B10Cu1Fe89
NR,Al90Ni5Zr5
NR,Al80Cu20V0
NR,C14Co76W10
NR,Al40Ni50Ti10
NR,Al0Mg90Zn10
NR,Al75Cr15Si10
NR,Cu5Mg65Y30
NR,C0Ni85Si15
NR,Cu20Hf10Ni70
NR,Nb50Si25Ti25
NR,Cu0Ni90Ti10
NR,Co3.5Ni79.5P17
NR,B4Fe88Mo8
NR,B14Cu1Fe85
NR,Al94Ce6Mn0
NR,Al5Mg85Zn10
NR,Al8Ga2Mg90
NR,Al86Cr14Si0
NR,La50Mg20Ni30
NR,C18Co74Mo8
NR,C5Fe82.5P12.5
NR,Ag30Mg20Y50
NR,Ag6Ce8Cu86
NR,Al20Mg70Zn10
NR,Al30Mg50Zn20
NR,C8Mo28Ni64
NR,Al25Cu25Ti50
NR,B20Mo80Si0
NR,Al12B10Co78
NR,C10Fe86W4
NR,B7.5Fe74.5Si18
NR,Ca7.5Mg87.5Zn5
NR,Si84Ti6Zr10
NR,Al80Cr5Si15
NR,C15Co80Si5
NR,C0Ni95Si5
NR,Ag0Mg90Y10
NR,C6Fe90W4
NR,Al80Mn6Ni14
NR,B13Fe85Si2
NR,Al70Cu0Ti30
NR,Ag9Cu85P6
NR,B6Fe89Mo5
NR,Al10Cu88Nd2
NR,Al50Cu40La10
NR,C18Co58W24
NR,C5Fe79W16
NR,Al95Ce5Ni0
NR,Al15Fe56.7Tb28.3
NR,B6Fe84Mo10
NR,Al94Co2Mn4
NR,B5Fe80Nb15
NR,Mg85Nd15Ni0
NR,Al45Cr15Si40
NR,Al91Fe2Ni7
NR,C10Cr15Fe75
NR,Al6Ce8Cu86
NR,Al100Fe0Ni0
NR,Al60Cu25V15
NR,Al90Fe8Si2
NR,Cu15La30Mg55
NR,Al40Ni10Zr50
NR,Ag10Ce3Cu87
NR,Ag37Cu6Fe57
NR,Al0Ni50Ti50
NR,Al40Mg40Zn20
NR,B2Fe90Mo8
NR,B12Cu20Fe68
NR,Al30Ni60Zr10
NR,Cu85Ti15Zr0
NR,B12Fe87Mn1
NR,Nb65Si20Ta15
NR,Al85Fe5Ni10
NR,Al92Co8Fe0
NR,B18Cu5Fe77
NR,B3Fe83P14
NR,Al25Cu0Ti75
NR,B6Fe84Mn10
NR,Al31Ni50Ti19
NR,C15Cr10Fe75
NR,B6Fe79Nb15
NR,B2Fe73Ni25
NR,C2.5Co95W2.5
NR,Al90Cr5Si5
NR,Ni20Si0Ti80
NR,B15Mo85Si0
NR,C8Cr20Fe72
NR,B50C4Ni46
NR,Al84Mn2Ni14
NR,C5Co80Si15
NR,Be25Nb10Zr65
NR,Al60Ge20V20
NR,B12Cu5Fe83
NR,B18C0Ni82
NR,Ag10Ce5Cu85
NR,Cu66Ti34Zr0
NR,Al80Ni10Zr10
NR,Cu40.9Mg40.9Ca18.2
NR,Ag58Cu32Fe10
NR,Ag25Cu25Fe50
NR,Al40Cu20Ti40
NR,Al20Cu20Ti60
NR,Ni10Si20Ti70
NR,Al89Fe7Ni4
NR,Ce20Cu15Mg65
NR,Be20Nb10Zr70
NR,C15Ni85Si0
NR,La5Mg90Ni5
NR,Ag40Cu40Fe20
NR,Be20Nb20Zr60
NR,B7.5Ni76.5Si16
NR,B8Cr15Fe77
NR,C15Co65W20
NR,C6Fe82W12
NR,C20Fe64W16
NR,C0Si17Zr83
NR,B13C10Ni77
NR,Al85Mn7Ni8
NR,B6Cu5Fe89
NR,Al86Fe4Ni10
NR,Al66.6Mn17.4Si16
NR,B24Fe73Si3
NR,Al16B10Co74
NR,Al90Ce5Cu5
NR,Ag50Cu0Fe50
NR,B58C4Ni38
NR,B10C5Ni85
NR,Al87.5Ca2.5Ni10
NR,C15Ni70Si15
NR,Al8Ce6Cu86
NR,B4Cu1Fe95
NR,Al50Ni20Zr30
NR,Al45Cu35Ti20
NR,B6Cu1Fe93
NR,Al84Fe3Ni13
NR,B9Fe83Si8
NR,C5Ni75Si20
NR,Al92Co4Mn4
NR,B8Fe77Mo15
NR,Al8Cu82Nd10
NR,C14Co46Mo40
NR,B4Fe95Ni1
NR,Al12Ce6Cu82
NR,B12Ni80Si8
NR,B12Cu1Fe87
NR,Al30Cu60La10
NR,Ag50Mg40Y10
NR,B10Co70Si20
NR,Al88Co12Mn0
NR,Nb50Si13Ti37
NR,Al35Cu5Ti60
NR,Mg10Nd70Ni20
NR,Al70Cr15Si15
NR,Al70Ce15Cu15
NR,Si86Ti4Zr10
NR,B12C16Co72
NR,Al75Ce10Co15
NR,B6Fe84P10
NR,B30Ni66Si4
NR,B2Cr16Fe82
NR,Al8B14Co78
NR,B6Fe83Si11
NR,Cu13Ni69P18
NR,Al0Cu20Ti80
NR,Al70Cr5Si25
NR,B11.5C10Ni78.5
NR,B6Cu3Fe91
NR,Al40Cu10La50
NR,Mg80Mn15Y5
NR,B8Fe91Mn1
NR,B16Ni68Si16
NR,Cu15La0Mg85
NR,B10Cu10Fe80
NR,Al4B14Co82
NR,Ag28Cu45Fe27
NR,Al70Cu25V5
NR,C10Fe78W12
NR,Co12.5Ni68.5P19
NR,Al60Cu20Ti20
NR,Cu10Ni80Ti10
NR,Be30Si10Ti60
NR,C16Co74W10
NR,B12Fe63Ni25
NR,B2Fe78Mo20
NR,B48C0Ni52
NR,Ce20Mg70Ni10
NR,B6Fe89Ni5
NR,B8Cr16Fe76
NR,Ag5Mg90Y5
NR,Al80Ce10Cr10
NR,Al91Fe6Ni3
NR,B8C8Co84
NR,Al80Mn8Ni12
NR,B12Fe78Mn10
NR,Al12B10Fe78
NR,Cu12Ni67P21
NR,C14Co66W20
NR,Ag15Ce4Cu81
NR,Mg10Nd30Ni60
NR,Al87Co9Fe4
NR,Al75Cr10Si15
NR,C10Co75W15
NR,Co5Ni73P22
NR,Al93Ce2Mn5
NR,Al84Fe6Ni10
NR,Co10Ni71P19
NR,Ag15Cu49Fe36
NR,Al2Ce8Cu90
NR,Cu10La40Mg50
NR,Al0Cu80Ti20
NR,B16C0Ni84
NR,Al20Cu10La70
NR,Co7Ni76P17
NR,Al50Ge40V10
NR,B10Fe87Mn3
NR,Al86Co8Fe6
NR,B8Cr14Fe78
NR,Al88Ce12Mn0
NR,Al75Ni5Sm20
NR,Al87Ce8Mn5
NR,Be20Si5Ti75
NR,Al20B14Co66
NR,B16Cu1Fe83
NR,C10Co70W20
NR,Al98Co2Mn0
NR,Al0B22Ni78
NR,Al10Ni70Ti20
NR,B44C2.5Ni53.5
NR,Al75Gd15Ni10
NR,Al20B10Co70
NR,B4Fe71Ni25
NR,B10Fe85Mn5
NR,Be2.5Ti0Zr97.5
NR,Al75Ce5Co20
NR,Si20Ti60V20
NR,Ca7.5Mg92.5Zn0
NR,C10Ni75Si15
NR,Al90Co8Mn2
NR,B22Ni75.5Si2.5
NR,C10Co85Si5
NR,C0Ni80Si20
NR,Ce30Mg40Ni30
NR,Al40Cu40Ti20
NR,C14Co70Mo16
NR,Be45Si0Ti55
NR,Al87.5Ni7.5Zr5
NR,C12.5Co77.5W10
NR,B5C20Ni75
NR,Be25Nb15Zr60
NR,Al87Ce13Cr0
NR,B14C2Ni84
NR,Al87Cu8V5
NR,Cu25La25Mg50
NR,Be7.5Ti0Zr92.5
NR,B5Mo80Si15
NR,Cu70Ni10Zr20
NR,Al45Cu5Ti50
NR,Al30Cu40Ti30
NR,Cu80Ti0Zr20
NR,B0C15Ni85
NR,Ni50Si30Ti20
NR,Ag70Ce5Cu25
NR,B12Fe83Mn5
NR,Al70Ni30Zr0
NR,C14Co74Mo12
NR,B12C4Co84
NR,B28Ni60Si12
NR,Al74.6Mn17.4Si8
NR,Ag27Cu31Fe42
NR,Al98.9Ni0Ti1.1
NR,Al50Mg36Pd14
NR,B6Cr18Fe76
NR,Al96Co4Fe0
NR,Al30Ni50Zr20
NR,Nb30Si11Zr59
NR,C0Si13Zr87
NR,Ag11Cu38Fe51
NR,B18Cu15Fe67
NR,Al50Ni40Zr10
NR,B22C5Ni73
NR,Al10Cu10La80
NR,Cu10Mg89Y1
NR,Al70Ce10Cu20
NR,C15Fe80P5
NR,Cu15Ni10Ti75
NR,Ag21Cu42Fe37
NR,B10Co80Si10
NR,Co9Ni74P17
NR,C10Ni80Si10
NR,B6Co84Nb10
NR,Al88Ce8V4
NR,Al80Ce10V10
NR,Ag60Ce3Cu37
NR,Cu15La10Mg75
NR,B10Cu5Fe85
NR,C17.5Fe77.5P5
NR,B6Fe74Ni20
NR,Co12.5Ni66P21.5
NR,Al6Ce6Cu88
NR,Al75Ce15Fe10
NR,Ni32P20Pt48
NR,Al20Cu60La20
NR,Al90Fe1Ni9
NR,B4Fe86Ni10
NR,Al75Ce20Fe5
NR,Cu40Hf10Ni50
NR,B50C8Ni42
NR,B6Fe89Nb5
NR,Al25Cu5Ti70
NR,Be50Ti50Zr0
NR,Al55Ge25V20
NR,Al65Nd20Ni15
NR,Al50Ge25V25
NR,B20Co62.5Si17.5
NR,Cu10Ni60Ti30
NR,Al88Co6Mn6
NR,C22Fe74W4
NR,Al60Cr20Si20
NR,Ag24Cu31Fe45
NR,B1Cu75Zr24
NR,Al80Ca10Ni10
NR,Cu50La30Mg20
NR,Al94Ni0Sm6
NR,Be45Si5Ti50
NR,Al88Ce2Mn10
NR,Al100Co0Fe0
NR,Al90Ni10Y0
NR,C20Fe76W4
NR,Cu2Ni74P24
NR,Al84Fe8Ni8
NR,Ag5Ce5Cu90
NR,Ag0Cu76Fe24
NR,Al70Cu20La10
NR,Al40Ni20Zr40
NR,Ag40Cu12Fe48
NR,B8Cr26Fe66
NR,Cu10Ni0Ti90
NR,Ag14Cu78.5P7.5
NR,Be10Ti90Zr0
NR,B6Cr12Fe82
NR,B8Fe87V5
NR,B7Fe85Mo8
NR,C10Ni67.5Si22.5
NR,B8Fe72Mo20
NR,B2Fe80Mo18
NR,Al84Co12Fe4
NR,Al88Ce2Cu10
NR,B28Ni64Si8
NR,Al80Cr20Si0
NR,Al88Cr12Si0
NR,Al35Cu45Ti20
NR,Al15Mg75Zn10
NR,B4Fe93Ni3
NR,Ag5Ce6Cu89
NR,Ni50Si0Ti50
NR,Al75Ni5Y20
NR,Al70Ce20Fe10
NR,B16C20Co64
NR,B25Mo70Si5
NR,Al2Ce10Cu88
NR,Al40Cu20La40
NR,Al10Ni5Zr85
NR,Al86Co8Mn6
NR,B8Fe87Ni5
NR,C5Ni90Si5
NR,B26C4Ni70
NR,Al8Cu88Nd4
NR,Al94Co4Mn2
NR,Al63Cr19Si18
NR,Al4B10Fe86
NR,B1Cu20Zr79
NR,C12.5Co80W7.5
NR,Cu14Ni66P20
NR,Al90Co2Fe8
NR,Be20Nb15Zr65
NR,Al2Cu92Nd6
NR,B10Fe83.5Si6.5
NR,Al87Ce13Co0
NR,Cu46Ti0Zr54
NR,B22Fe76Si2
NR,Al88Co8Fe4
NR,B11Fe75P14
NR,Al76.6Mn17.4Si6
NR,Al50Ge30V20
NR,B8Cr20Fe72
NR,Ce15Cu10Mg75
NR,B4Fe95Mn1
NR,Ni60P25Pt15
NR,Ni45Si5Ti50
NR,B22C2Ni76
NR,C12.5Co75W12.5
NR,C0Si15Zr85
NR,Mg40Nd50Ni10
NR,Al10Cu0La90
NR,C20Fe70W10
NR,Al98Co0Fe2
NR,Cu20Ni60Zr20
NR,Al89Ce1Fe10
NR,Al65Mn20Si15
NR,Al85Cu10La5
NR,Fe66.7Si0Tb33.3
NR,Al90Nd1Ni9
NR,Be35Si10Ti55
NR,B41C6Ni53
NR,B6Fe84V10
NR,C20Co80Si0
NR,Al45Cu10Ti45
NR,B40C6Ni54
NR,Al60Cu0La40
NR,Ag7Cu84.5P8.5
NR,B8Cr12Fe80
NR,B8Cu15Fe77
NR,Cu60Mg0Nd40
NR,Al45Ge40V15
NR,Al68.6Mn17.4Si14
NR,B25Ni72.5Si2.5
NR,Cu5Ni10Ti85
NR,Al96Co2Mn2
NR,Cu50Hf10Ni40
NR,B8Cu10Fe82
NR,Al24B14Ni62
NR,Al85Fe3Ni12
NR,C22Co48Cr30
NR,Al62Cr19Si19
NR,Al50Cu20La30
NR,C5Cr5Fe90
NR,La40Mg40Ni20
NR,Al20Mg50Zn30
NR,Al50Ni30Zr20
NR,Al20Mg40Zn40
NR,B32C20Co48
NR,Al90Ca0Ni10
NR,B5Mo90Si5
NR,Mg50Nd10Ni40
NR,Al70Nd20Ni10
NR,Al30Mg60Zn10
NR,B10Cr8Fe82
NR,Be40Si10Ti50
NR,Ag20Ce4Cu76
NR,Al87Ce13Mn0
NR,Cu10Hf80Ni10
NR,C22Co52Cr26
NR,Ni30Si40Ti30
NR,B19Fe77P4
NR,Al30Cu10Ti60
NR,Cu1Ni75P24
NR,B10Fe65Ni25
NR,B10C10Ni80
NR,B10Cr18Fe72
NR,Cu20La25Mg55
NR,Al10Mg40Zn50
NR,Al82Ni0Sm18
NR,Al88Fe10Si2
NR,Al50Cu10Ti40
NR,Ag40Ce1Cu59
NR,Cu10La0Mg90
NR,Al86Co10Fe4
NR,B10Fe80V10
NR,Ag40Ce2Cu58
NR,Ce15Cu25Mg60
NR,Be42Ti58Zr0
NR,Cu60Ni20Zr20
NR,C3Si12Zr85
NR,Cu5Ni5Ti90
NR,Mg84.5Mn8Y7.5
NR,Al45Cu0Ti55
NR,Al10Cu10Ti80
NR,Mg83Mn2Y15
NR,Cu15Ni35Ti50
NR,B6Cr22Fe72
NR,Ag42Cu0Fe58
NR,Al89Mn2Ni9
NR,Al10Ce2Cu88
NR,Al94Gd6Ni0
NR,Al68Cr15Si17
NR,B0C10Ni90
NR,B10C20Ni70
NR,C12.5Co85W2.5
NR,B10Fe85V5
NR,Nb30Si5Zr65
NR,B12Fe83Ni5
NR,Cu30Ni0Ti70
NR,Ce20Cu20Mg60
NR,Al86Fe7Ni7
NR,Ag52Cu0Fe48
NR,Al92Co6Fe2
NR,B18Cu20Fe62
NR,Be25Si10Ti65
NR,B11Fe85P4
NR,B12.5Co80.5Si7
NR,Al15Mg80Zn5
NR,Al12Cu84Nd4
NR,Cu30Ni50Ti20
NR,Al8B10Co82
NR,B8Fe72Ni20
NR,Ag63Cu0Fe37
NR,Al86Fe6Ni8
NR,Al24B22Ni54
NR,Al10Cu80Nd10
NR,Cu30La50Mg20
NR,Al60Ce20Fe20
NR,Ag49Cu29Fe22
NR,C14Fe74W12
NR,C14Co76Mo10
NR,Al90Co10Mn0
NR,B8Cu5Fe87
NR,Be35Si0Ti65
NR,Al97.1Ni0Ti2.9
NR,Al85Ca5Ni10
NR,Al81Cr19Si0
NR,Be10Ti0Zr90
NR,Al12B14Ni74
NR,Pd76.8Rh6.7Si16.5
NR,C16Co44Cr40
NR,B15Mo80Si5
NR,B10Cu15Fe75
NR,Al45Cu40Ti15
NR,B5Fe83Nb12
